tag,size
한국,631
정부,436
제품,424
국내,331
기업,293
맥주,254
브랜드,234
매출,218
경제,206
수출,200
조치,196
감소,169
유니클로,166
문제,165
대비,165
판매,151
여행,143
규제,132
한일,131
아베,130
회장,125
상황,124
보복,117
매장,112
시장,112
대통령,111
대응,107
미국,105
노선,96
국민,95
영향,95
운동,94
주가,94
반도체,94
관계,94
지난달,93
올해,92
수출규제,90
교수,87
서울,86
편의점,86
양국,85
관계자,84
전년,83
증가,83
확산,82
중단,82
발언,79
소재,79
대표,78
운영,78
한국콜마,78
제외,77
수입,77
일본산,76
지원,74
시작,71
한국인,70
판매량,69
경제보복,68
광복절,66
기록,65
판결,63
역사,62
수입맥주,62
조사,61
실적,59
분석,59
논란,58
청와대,54
해외,54
상품,54
주장,52
취소,52
행사,51
의원,50
사과,50
결정,50
상반기,49
소비자들,49
회의,49
비판,49
온라인,48
서비스,48
국회,48
기간,48
화장품,47
하락,47
기자회견,46
교류,46
발표,46
일본제품,46
철회,45
악화,45
방송,45
구매,45
산업,45
강제징용,44
총리,44
사태,42
기업들,41
전망,41
입장,41
비중,40
인기,40
윤,40
신규,40
오후,40
생산,40
영상,39
글로벌,39
설명,39
관광객,39
부산,39
오전,39
품목,38
업체,38
일본차,38
사업,38
해결,38
일부,38
예상,38
고객,37
지적,37
감정,37
제공,37
문재,37
대법원,36
한국당,36
지분,36
1,36
성장,35
기준,35
"""한국",35
예약,35
예정,35
GS25,35
11일,35
환전,34
표현,34
보도,34
대한민국,34
세븐일레븐,34
수입액,34
세계,34
반성,33
출시,33
9월,33
피해,33
결과,33
1위,33
정권,33
아사히,32
여론,32
내용,32
목소리,32
규탄,32
해당,32
모나미,32
설치,32
피해자,32
응답,32
대상,32
경기,31
2분기,31
관심,31
계획,31
이달,31
동참,31
해법,31
카드,31
수요,30
촉구,30
태극기,30
닛산,30
커뮤니티,30
게임,30
본사,30
위안부,30
회사,30
규모,29
카페,29
화이트리스트,29
우려,29
민주당,29
분위기,29
검토,29
2,28
15일,28
부산항,28
매출액,28
이용,28
의견,28
5,28
경찰,28
5일,28
혐한,28
호날두,28
차원,28
감정적,28
방문,28
동기,27
대변인,27
사과문,27
다이소,27
렉서스,27
국가,26
타격,26
방안,26
허가,26
롯데,26
마련,26
지속,26
사실,26
영화,26
국산,26
8,25
분노,25
나라,25
점유율,25
활용,25
강조,25
직원,25
이유,25
반면,25
홍콩,24
소비,24
사장단,24
거래,24
침략,24
자유한국당,24
리스트,24
지역,24
지지율,24
계약,24
유튜브,24
수준,24
가능성,23
영업이익,23
무역전쟁,23
상대,23
3,23
사용,23
모델,23
분야,23
평가,23
참석,23
집계,23
강화,22
신용카드,22
전략,22
20,22
예산,22
여파,22
삼성전자,22
배너,22
정치,22
과거,22
현재,21
의류,21
선거,21
수혜주,21
하반기,21
무역,21
50,21
바른미래당,21
오사카,21
신발,21
자신,21
진행,21
누리꾼들,21
7,21
이벤트,21
일본인,21
도발,20
중심,20
훼손,20
독,20
2018년,20
일본대사관,20
오찬,20
6일,20
자동차,20
상승,20
장기화,20
소비자,20
6,20
정책,20
계열사,20
금지,20
전달,20
선언,19
리얼미터,19
배상,19
협의,19
경제적,19
거부,19
모습,19
쇼핑,19
자리,19
금리,19
폐점,19
오프라,19
수제맥주,19
여행객,19
가격,19
생약,19
광복,19
유럽,18
시민들,18
미·중,18
ABC마트,18
거론,18
펀드,18
홈페이지,18
점포,18
구직급여,18
차량,18
경영,18
자발적,18
보이콧,18
중구청,18
비난,18
일제,18
브랜드들,18
발생,18
운항,18
7일,18
사진,18
윤동한,18
부회장,18
제조,18
신청,18
한일관계,18
금액,18
애국,18
행동,17
수수료,17
현수막,17
후원금,17
핵심,17
혐의,17
비교,17
사회,17
편성,17
하이트진로,17
롯데그룹,17
축구,17
대화,17
결제,17
수입차,17
전국,17
대표적,17
도요타,17
정치적,17
언론,17
전문가들,17
과거사,17
중요,17
급등,17
카카오페이,17
시간,17
외국,17
항공권,16
스포츠,16
어려움,16
반영,16
지방,16
1만원,16
평균,16
편집숍,16
순위,16
토종,16
연관어,16
10일,16
18원,16
계정,16
전월,16
4일,16
관광,16
국산화,16
한국인들,16
논의,16
반발,16
전통주,16
혜택,15
댓글,15
25일,15
후원,15
위원장,15
우대,15
평화,15
요구,15
혼다,15
배제,15
사장,15
제목,15
비롯,15
보유,15
100,15
노력,15
가해자,15
실제,15
자제,15
1일,15
2일,15
신성통상,15
철수,15
활동,14
현상,14
의미,14
언급량,14
취지,14
몽골,14
쿠팡,14
확대,14
로고,14
공유,14
여름,14
캡처],14
휴가철,14
추진,14
가치,14
호텔,14
인상,14
26일,14
민간,14
막말,14
사퇴,14
독립운동,14
실시,14
제한,14
조회,14
종목,14
폴더,14
패스트리테일링,14
중소기업,14
8일,14
단체,14
쇼핑몰,14
전략물자,14
테마주,14
뉴스,14
금융지원,13
돈,13
14일,13
프로그램,13
학생들,13
코리아세븐,13
북한,13
축소,13
친일,13
사진출처,13
서경덕,13
침체,13
도시,13
디저트,13
측,13
자회사,13
기대감,13
10월,13
0.,13
넥슨,13
패키지,13
공식,13
유통업계,13
공급,13
반사이익,13
핀테크,13
반품,13
다음달,13
넷마블,13
경쟁력,13
벨기,13
22일,13
행위,13
계기,13
발주,12
동영상,12
충격,12
9일,12
마음,12
추석,12
日,12
정보,12
경제성장률,12
운행,12
병원,12
물량,12
캠페인,12
관련해,12
국민들,12
올림픽,12
현지,12
우리나라,12
피해자들,12
변화,12
로열티,12
70,12
김씨,12
영작문,12
지방정부,12
연장,12
1년,12
강경,12
15,12
한글,12
재배포,12
여행상품,12
답변,12
금융권,12
연관어로,12
설정액,12
의정서,12
연휴,12
조,12
낚시,12
개발,12
사건,12
제주항공,12
승용차,12
시행,12
country’s,12
기사,12
부정,12
걱정,11
인근,11
가능,11
부산시,11
전문,11
에코백,11
국내여행,11
외교,11
텔레비전,11
전날,11
요청,11
선생,11
여행지,11
기존,11
대규모,11
5월,11
손해배상,11
지도자,11
대사관,11
롯데홈쇼핑,11
사용자,11
판매가,11
20일,11
승객,11
집회,11
파악,11
24일,11
천,11
13일,11
상승세,11
전범,11
장관,11
매니저,11
마케팅,11
동남아,11
정유미,11
원내대표,11
러시아,11
3일,11
DHC코리아,11
프리미엄,11
위치한,11
내년,11
더불어민주당,11
통화,11
DHC테레비,11
이마트,11
피파,11
종,11
여론조사,11
프랑스,11
한정판,11
볼펜,11
베트남,11
변경,11
무디스,11
40,11
최저임금,11
화물,11
민주노총,11
매각,11
관광객들,11
재산,10
역량,10
포카리스웨트,10
부문,10
급감했다,10
지정,10
중구,10
여사,10
소녀상,10
2006년,10
처분,10
캔맥주,10
마지막,10
은행,10
직전,10
유명,10
누적,10
사례,10
30,10
투자,10
응답자,10
긍정,10
후손,10
결의안,10
개봉,10
주류,10
LG생활건강,10
석탄재,10
루비,10
모바,10
간담회,10
효과,10
주목,10
키워드,10
페이스북,10
16일,10
12일,10
절반,10
우,10
자민당,10
종로구,10
무인양품,10
12,10
대형,10
엔화,10
올리브영,10
운영자,10
품질,10
국제사회,10
판단,10
신제품,10
내각,10
항공사,10
안보,10
일본맥주,10
수치,10
대마,10
항의,10
직격탄,10
17일,10
등록,10
행정,10
독립유공자,10
수석대변인,10
외교적,10
이사장,10
대출,10
임시정부,10
원화,10
이슈,10
가량,10
신조,9
구성,9
발사,9
제안,9
52시간,9
세션,9
넷째,9
시즌,9
증정,9
트럼프,9
욱일기,9
소개,9
상태,9
와인,9
고조,9
G20,9
발의,9
음료,9
유튜버,9
정치권,9
선불카드,9
소속,9
유통,9
유예,9
60,9
주재,9
위축,9
위반,9
역대,9
재고,9
진출,9
속옷,9
해명,9
항공기,9
부담,9
하이볼,9
면세점,9
질문,9
임원,9
보수,9
10,9
양측,9
경고,9
여객,9
여성,9
엔씨소프트,9
부정적,9
소주,9
해석,9
전쟁,9
영업,9
립스틱,9
개선,9
에어부산,9
적극적,9
일본콜마,9
불똥,8
슈마커,8
신작,8
조정,8
에어프레미아,8
M&A,8
부산대,8
제재,8
신부,8
2009년,8
제작,8
철거,8
메시지,8
스티커,8
성공,8
담합,8
도움,8
절차,8
가입자,8
메인,8
한국닛산,8
국산맥주,8
조례,8
대통령의,8
랄라블라,8
조니워커,8
학교,8
1.,8
양말,8
하이트진,8
투자하,8
식품,8
9,8
양,8
성향,8
성,8
포함,8
여신,8
지급,8
최근,8
19일,8
야당,8
도쿄,8
간편결제,8
증가분,8
촉발,8
기저귀,8
대형마트,8
우익,8
콘텐츠,8
이곳,8
인피니티,8
일본계,8
등급,8
발전,8
열리,8
측은,8
소재·부품,8
발작,8
서사,8
편두통,8
위스키,8
개입,8
연구원,8
공급망,8
유통기한,8
공개,8
코나미,8
개최,8
유벤투스,8
공공기관,8
원칙,8
용품,8
문,8
받아보세요▶뉴스레터,8
인터넷,8
의혹,8
무엇,8
이순신,8
수사,8
화제,8
둔화,8
요금,8
홈쇼핑,8
수의계약,8
손해,8
검거,8
이익,8
문재인정부,8
수원시,8
외교부,8
74주년,8
물동량,8
군용기,8
한문,8
일본인들,8
대국민,8
팔로우하,8
하향,7
충돌,7
지정학적,7
게시글,7
자금,7
일자리,7
극복,7
"한다""며",7
행진,7
편의점업체들,7
리스크,7
장군,7
건물,7
진열,7
항공사들,7
성명,7
추이,7
출입국자,7
임대,7
에어로케이,7
8·15,7
정신,7
목적,7
영공,7
전면,7
국제법,7
29일,7
여부,7
리그,7
하이트진로홀딩스,7
부동산,7
전개,7
일본행,7
하이라이트,7
마이너스,7
무급휴가,7
사이트,7
네일동,7
30일,7
오해,7
예측,7
▶무궁무진한,7
격화,7
지난주,7
취항,7
국제여객터미널,7
부진,7
롯데월드타워,7
기억,7
도시락,7
여객선,7
2030세대,7
23일,7
편의점업계,7
9시,7
출연,7
기념,7
한국콜마홀딩스,7
역할,7
온천,7
목표,7
대한항공,7
차이,7
주유소,7
GS리테일,7
시민행동,7
확인,7
신장률,7
롯데월드점,7
사실상,7
친일파,7
백화점,7
대마도,7
홍보,7
플래카드,7
협정,7
슈퍼마켓,7
비슷,7
경제산업성,7
불과,7
심각,7
화이트,7
사케,7
정치인들,7
태국,7
카드사,7
아시아나항공,7
탑승률,7
물의,7
아열대성,7
종료,7
표,7
인간,7
서초구,7
1인당,7
공격,7
시위,7
종로3,7
불화수소,7
중재,7
미사,7
'매콤달콤',7
이랜드,7
황교안,7
동기간,7
조국,7
체제,7
구독,7
사죄·배상,7
3월,7
월계점,7
중장기,7
중순,7
유동성,7
히로시마,7
논평,7
동월,7
관리,7
공장,7
제휴,7
쇼크,7
"있다""며",6
3개,6
개정안,6
초대,6
13.,6
항공편,6
감안,6
Korea’s,6
입주,6
환율,6
자사주,6
플라이강원,6
입장문,6
자산,6
읽을거리[ⓒ,6
건국절,6
이것,6
3년,6
판매대수,6
&,6
청소년,6
'아베',6
간사,6
회담,6
특별전,6
출점,6
인스타그램,6
출장,6
경제갈등,6
푸앙,6
고등학교,6
[사진=,6
28일,6
이용자,6
표지모델,6
티몬,6
출국,6
18일,6
찬성,6
유시민,6
프랜차이즈,6
공지글,6
포유류,6
항,6
51.,6
포인트,6
의원들,6
퍼포먼스,6
2017년,6
90,6
제기,6
정면충돌,6
조작,6
공항,6
유적,6
유저들,6
표본오차,6
감독,6
육아용품,6
조례안,6
착취,6
지배,6
강제동원,6
칼,6
피해기업,6
'노노재팬',6
재물손괴,6
한편,6
첫,6
고용부,6
지급액,6
플리스,6
지수,6
초원,6
의뢰,6
2019년,6
평소,6
‘일본,6
회장님,6
외화,6
2위,6
다수,6
당,6
누리꾼,6
유네스코,6
마트,6
렌터카,6
부동,6
시리즈,6
관객,6
급감한,6
시민단체,6
쇼핑객,6
긴급,6
뤼,6
알티마,6
본능,6
수석,6
악수,6
반도체·디스플레,6
빅데이터,6
생약자원,6
면허,6
맘카페,6
한상총련,6
시스템,6
민심,6
여름철,6
왜곡,6
수십켤레,6
김현종,6
여행사,6
롯데마트,6
대안,6
반응,6
기회,6
방침,6
비자발,6
디지털뉴스국,6
대출금리,6
법인,6
롯데칠성,6
메카,6
동기대비,6
신뢰수준,6
신문,6
삼성서울병원,6
신미진,6
망언,6
"삿포로,",6
사다모토,6
빨갱이,6
분쟁,6
사업부문,6
대체자산,6
밖,6
이재용,6
우선주,6
일본기업,6
일반,6
복수,6
원산지표시,6
미래,6
다양한,6
오카자키,6
스튜디오,6
설립,6
구호,6
광고,6
예의주시,6
보고서,6
사이드,6
무단전재,6
성숙,6
세대,6
우회,6
교체,6
영국,6
부족한,6
"유니클로,",5
비준,5
유통업체,5
과오,5
마감,5
11번가,5
증편,5
유관순,5
사람들,5
유급휴가,5
반박,5
관련주,5
관련한,5
11시,5
위협,5
관세청,5
마이니치신문,5
음주사고,5
항공업계,5
고위,5
판매중지,5
다음날,5
인상률,5
28,5
비대,5
보험,5
표시,5
구로점,5
휴가,5
이름,5
이마트24,5
증가세,5
95,5
사의,5
시가총액,5
반일감정,5
경제원탁회의,5
레드팀,5
수원,5
헬스앤뷰티(H&B),5
대구,5
2년,5
특사,5
경쟁,5
2%포인트,5
니혼게이자이신문,5
흰색,5
투입,5
31일,5
일본다이소,5
국토부,5
임직원,5
자국,5
인증샷,5
인천공항,5
투자자,5
참의원,5
주한일본대사관,5
지자체,5
거래대금,5
산업부,5
경기방송,5
환영,5
경기도,5
준비,5
탑텐,5
2차,5
파견,5
일시적,5
향후,5
수령,5
중고차,5
공감,5
스토어,5
골드만삭스,5
완화,5
이해식,5
번영,5
오키나,5
삼성,5
검색,5
1월,5
상한가,5
삿포,5
차별화,5
품절,5
농협은행,5
매물,5
테라,5
상대적,5
중재위,5
팀,5
초청,5
110,5
호감,5
~,5
폭,5
감소세,5
여행주,5
범행,5
쓰레기,5
0%포인트,5
처칠,5
혁신성장,5
문구,5
한반도,5
처음,5
명단,5
긍정적,5
‘주전장’,5
'아베,5
문화제,5
정상회의,5
플랫폼,5
가맹점,5
시점,5
금융,5
130,5
동맹,5
사정,5
ES300h,5
연구팀,5
강세,5
선박,5
재계,5
문제해결,5
서비스연맹,5
재일교포,5
법,5
총선,5
대외,5
재팬,5
손실,5
적립,5
안내문,5
백색국,5
작품,5
촛불,5
업체들,5
제약,5
기온,5
애니메이션,5
총연합회,5
신뢰,5
최고기온,5
간부,5
대체상품,5
청구,5
SK엔카닷컴,5
전면전,5
조달,5
독립기념관,5
좌석,5
독립,5
방식,5
SK하이닉스,5
체결,5
독도사랑,5
청구권,5
수혜,5
중구청장,5
기획,5
부족,5
한·,5
채널,5
추세,5
신동빈,5
성장률,5
무역보복,5
청문회,5
약탈,5
소유,5
무역제재,5
추적,5
학생,5
하이트진로홀딩스우,5
소식,5
출발,5
배달,5
기반,5
출연자,5
제출,5
가상화폐,5
4곳,5
부모,5
온라인몰,4
국경,4
경영학자,4
인생,4
경영계,4
인천국제공항공사,4
외교당국,4
국산품,4
후보,4
회자,4
관광업계,4
고위급,4
국제,4
교육개혁,4
교육,4
반대,4
육아,4
유감,4
공시,4
힐링,4
"""한국콜마",4
이행,4
10년,4
국가들,4
흥행,4
관측,4
10만원,4
기본협약,4
포토레지스트,4
기미,4
우호관계,4
교환,4
구도,4
고비사막,4
고민,4
경제전쟁,4
구로,4
이례적,4
고객님,4
용의자,4
후폭풍,4
구입,4
구청장,4
구체적,4
경총,4
관중,4
감소폭,4
공부,4
의도,4
금시장,4
개인,4
개별,4
금융애,4
발휘,4
환경,4
자영업자들,4
개개인,4
미니스톱,4
자화자찬,4
잠정,4
여행족,4
강요,4
여행산업,4
여행사들,4
방법,4
강경일변도,4
재정,4
여야,4
협력,4
여름휴가철,4
연구,4
일본노선,4
일반적,4
공격적,4
공무,4
히틀러,4
의류업체,4
위닝일레븐,4
공동대표,4
의무,4
의안,4
공공구매,4
원폭,4
광화문,4
전남도의회,4
원정,4
바로가기],4
반등,4
원문,4
바가지,4
희생자,4
울주군,4
박정희,4
의향,4
전략적,4
아사히신문,4
협력업체,4
순환버스,4
호조,4
엠즈베버리지,4
순방문자수,4
각각,4
8개월,4
가족,4
지목,4
기술,4
기술료,4
전범기업,4
기타주류,4
호재,4
전시,4
전자제품,4
물품,4
화성,4
기조,4
방향,4
억울,4
전화위복,4
목록,4
증오,4
슈즈,4
앙코르,4
적자,4
다큐,4
무력진압,4
스타투데이,4
정상회담,4
배송,4
물가,4
'한국',4
스탬프,4
정치성향,4
제소,4
접촉,4
압도적,4
배출가스,4
김정숙,4
제3국,4
아키하바라,4
아이지에이웍스,4
증시,4
나경원,4
숭실고,4
다양,4
신일철주금,4
해프닝,4
종류,4
베르베르,4
내수,4
아산,4
노출,4
0,4
다변화,4
보류,4
다낭,4
싱크탱크,4
CJ오쇼핑,4
문의,4
남동구,4
아성다이소,4
범행동기,4
조류,4
내국,4
10년차,4
능력,4
조심,4
100건,4
주체,4
얼라이언스,4
현실,4
±4.,4
목포,4
R&D,4
네이버페이,4
중복,4
중립적,4
주도하,4
중국인,4
주말,4
시총,4
노사,4
별,4
중국산,4
시청,4
무단,4
노동자,4
1000세트,4
"중국,",4
변경면허,4
G2,4
수호,4
대기업,4
감상,4
불닭볶음면,4
빨간색,4
21일,4
27일,4
로저스,4
1조원,4
둘째,4
상인회,4
상위,4
불구,4
풍광,4
비전,4
상술,4
불법,4
300,4
테이블,4
토레타,4
토막,4
붓글씨,4
맞대응,4
통제,4
폐기물,4
2015,4
라이선스,4
르노-닛산,4
불가사의,4
265명,4
롯데쇼핑,4
판매사,4
사상,4
패권국가,4
패션,4
폭염,4
23,4
페이코,4
2015년,4
사법부,4
롭스,4
만기연장,4
20대,4
편의점주들,4
2.,4
마디,4
2018,4
2016년,4
붕괴,4
2시,4
셋째,4
참가,4
합리적,4
집단,4
수원남부경찰,4
5개,4
수급자,4
7.7,4
차질,4
대북제재,4
진전,4
담배,4
본격적,4
지소미아,4
지상욱,4
항공,4
수출무역관리령,4
대표들,4
수단,4
면제,4
한달,4
전격,4
본성,4
대책,4
라카이코리아,4
8.15,4
특별지원,4
랭크,4
특성,4
레,4
특정,4
크림,4
초라,4
유발,4
부대변인,4
6.5,4
집중,4
보훈처장,4
5분,4
청원,4
7대,4
핫스폿,4
모리타화학,4
수익,4
5배,4
징용,4
상환,4
레드,4
콘돔,4
연예,4
일환,4
규제개혁,4
영사관,4
영문뉴스,4
영문,4
염려,4
열풍,4
연합,4
자극적,4
연속,4
검찰,4
근무제,4
발효,4
8개,4
주유,4
동구,4
핑커,4
측이,4
치안,4
동,4
일제강점기,4
규슈,4
치졸,4
일본식,4
여론전,4
하락세,4
전국경제인연합회,4
'북한',4
자사,4
일본군,4
연사,4
연설,4
일본상품,4
국회의원,4
게시,4
오이타현,4
격차,4
오부치,4
오다가,4
격동,4
겨울,4
회원,4
겨레하,4
게임업계,4
동경,4
영혼,4
1강,4
세종대로,4
17,4
촌,4
4캔,4
한국경영학회,4
메뉴,4
데상트,4
세계적,4
최고치,4
4위,4
학점,4
학자,4
성수,4
추가,4
추정,4
축구팬들,4
도전,4
도착,4
섬세한,4
3자,4
하이브리드,4
설비투자,4
한국다이소,4
최악,4
센터,4
생존,4
"동남아,",4
피폭,4
3분기,4
선언문,4
분신,4
캄보디아,4
동물등록,4
동반,4
3곳,4
서식,4
코드,4
생물자원,4
독일,4
생가,4
새벽,4
3배,4
선택,4
39.,4
선착순,4
단행,3
2주,3
단기,3
기구,3
6개,3
기부,3
감편,3
2잔,3
기사도,3
1심,3
2차장,3
급증,3
국정,3
단어,3
단체관광,3
단체들,3
단골,3
국익,3
거북선,3
그래픽,3
경제5단체,3
100년,3
리포트,3
5시간,3
78,3
명의,3
과학기술혁신,3
개혁,3
경제산업상,3
공방,3
경색,3
16,3
교역,3
공항면세점,3
도쿄올림픽,3
교복,3
동원,3
동호회,3
다자,3
대체재,3
6명,3
객실,3
매출도,3
'한국콜마,3
1달러,3
금년,3
300달러,3
금융소득,3
거란,3
먹고사,3
멀티숍,3
닷새간,3
메르세데스-벤츠,3
경영권,3
촉각,3
경사연,3
초반,3
채택,3
책정,3
"송현고,",3
송파구,3
손상,3
첫째,3
청소년들,3
징용공,3
소송,3
체제하,3
소비재,3
초상권,3
유니폼,3
세코,3
세종,3
세상,3
총수,3
청주,3
수성구,3
수십벌,3
진화,3
시국,3
중장기적,3
구간,3
수법,3
설문조사,3
경복궁,3
게임사,3
마포구,3
경량패딩,3
굴복,3
1965년,3
34,3
33.,3
대외적,3
말씀,3
게시물,3
대다수,3
매국노,3
균형발전,3
힐튼,3
격,3
/사진=연합뉴스,3
"규탄한다""며",3
대립,3
견해,3
1%포인트,3
66.,3
1.0,3
결정한,3
견제,3
거주,3
도시권,3
네티즌들,3
4.,3
노동,3
982대,3
노조,3
"GS25,",3
문제점,3
2019.,3
나노메딕스,3
25,3
논리,3
논조,3
각국,3
나홀,3
‘위안부’,3
99,3
네트워크,3
200만명,3
끝,3
'DHC테레비',3
김포공항점,3
'리섭TV',3
'4캔,3
가정채널,3
미사일,3
가오슝,3
내국인,3
묶음할인,3
가맹점주들,3
동남아시아,3
27,3
기업은행,3
A330,3
[사진=연합뉴스],3
2008년,3
미닝아웃,3
1조,3
미니바,3
<저작권자(c),3
남성,3
SBI핀테크솔루션즈,3
225억엔(약,3
▶일본,3
가맹본사,3
박순자,3
다이아몬드,3
닛산자동차,3
승인,3
노련,3
‘일본회의’,3
2020년,3
9개,3
가맹점주,3
93,3
미키,3
미국인,3
기상청,3
데자키,3
동북아,3
대표팀,3
계절가전,3
경제체제,3
공략,3
디아지오코리아,3
돌파,3
광주요,3
관행,3
14.,3
독점,3
독자적,3
14,3
52개,3
관리품목,3
교문,3
관리비,3
독립운동가,3
관련업계,3
관광지,3
관계개선,3
동아오츠카,3
관객들,3
등장,3
공세,3
고객들,3
국면,3
17.2,3
10위,3
대한독립,3
대한국,3
곳곳,3
3잔,3
국가안보,3
11,3
고용,3
고순도,3
5000,3
10종,3
18,3
고문,3
국민청원,3
고등학생들,3
고객사들,3
롯데면세점,3
경제침략,3
국세청,3
10명,3
3대,3
18명,3
3종,3
레스토랑,3
10시,3
시각,3
50대,3
증,3
정상화,3
제조업체,3
전주,3
실효성,3
심려,3
전투,3
절제,3
얘기,3
점자,3
양승동,3
양상,3
정론관,3
약속,3
시멘트,3
앵커,3
앨범,3
정체,3
정치외교학과,3
안가,3
악영향,3
제시,3
아식스,3
제이블랙,3
쌍용차,3
심화,3
중국과학원대,3
시민,3
제조업,3
신세계백화점,3
이주민,3
완제품,3
완성차,3
인터넷면세점,3
평화기념공원,3
전재,3
전통주점,3
제주국가생약자원관리센터,3
제천시의회,3
조사(95%,3
조직,3
신세계면세점,3
주한미군,3
조짐,3
신설,3
조혜원,3
죄송,3
주력,3
주문,3
시진핑,3
주변,3
시중은행,3
시장점유율,3
시위대,3
심사,3
포토,3
이자카야,3
호응,3
배당금,3
표정,3
배우,3
부산항만공사,3
분야별,3
한국공항공사,3
호날두(34·유벤투스),3
프로모션,3
한국전쟁,3
회복,3
회상,3
부각,3
홈쇼핑업계,3
혐오,3
부가가치세,3
해외여행,3
희비,3
비인기,3
할머니들,3
허용,3
희생,3
보상,3
할인,3
증권업계,3
피보험자,3
화요,3
차별,3
반일운동,3
방북,3
협박,3
법무부,3
회원들,3
발급,3
현장,3
발굴,3
후보자,3
한소연,3
벤푸,3
풀이,3
부당한,3
방지법,3
현대산업개발,3
혁신,3
후원사,3
후쿠오카,3
범위,3
불매,3
한국화장품제조,3
한국중소상인자영업자총연합회,3
부총리,3
확실,3
필기구,3
외면,3
발열내,3
요소,3
평론가들,3
특성상,3
사용액,3
특집,3
특화,3
사업전략,3
티셔츠,3
팔로우,3
팩트체크,3
사망자,3
편승,3
사랑,3
태그,3
사쿠라,3
시내,3
상식,3
탑승자,3
성신여대,3
추,3
성과,3
성경륭,3
출국자,3
출연자들,3
출연진들,3
출조객,3
사장단회의,3
산업은행,3
선수들,3
직원들,3
증설,3
요주,3
승리,3
지국장,3
숭실,3
술,3
숙소,3
수출통제,3
지분율,3
"지식(매-세-지,",3
지출,3
직후,3
삼양식품,3
수익성,3
진단,3
진보,3
세례,3
최고재무책임자(CFO),3
세계지식포럼,3
최저임금위원회,3
태풍,3
택배,3
상당수,3
테스트,3
출처=연합뉴스],3
통보,3
침범,3
연결기준,3
장기,3
적용,3
여건,3
전례,3
엔터주,3
전문기관,3
전방위,3
올겨울,3
전방위적,3
인턴기자]▶네이버,3
유급,3
은행권,3
위메프,3
원조,3
의원(18원,3
원전,3
원료,3
워너원,3
의정부,3
의정부시,3
의존도,3
이동,3
카페인,3
이럴,3
이스타항공,3
자체브랜드(PB),3
인정,3
상품들,3
일말,3
연관성,3
칼럼,3
코리아,3
코스피,3
코카콜라,3
크리스티아누,3
타이베이,3
상영,3
시내면세점,3
석학,3
시대,3
중국에서,3
선고,3
온라인4,3
일본영사관,3
일본제,3
예의,3
일식당,3
영화계,3
일장기,3
임명,3
열사,3
자료,3
손혜원,2
활성화,2
대주주,2
대지진,2
활발,2
대한배구협회,2
손자병법,2
환급,2
손오공,2
대창산업,2
대책회의,2
문양,2
하이볼',2
대장주,2
한국기업,2
쇄신,2
대자보,2
대일(對日),2
하얏트,2
뱃길,2
베네수엘라,2
무역관리,2
베이스,2
베일,2
세트,2
무더기,2
환급금,2
손글씨,2
문구류,2
한미일,2
하이브리드카,2
속앓이,2
본토,2
변동성,2
본청,2
한복판,2
한반,2
서양호,2
본점,2
모델계약,2
모독,2
본부장,2
모두투어,2
본격화,2
모리나가제,2
선동”,2
동기간대비,2
모멸감,2
동계,2
세무서,2
대형은행,2
'일본통',2
범죄인,2
소진,2
법인세,2
소포장,2
소폭,2
소프트뱅크,2
'뫼비우스,2
한국거래소,2
불응,2
대학생들,2
롯데아사히주류,2
행보,2
매니아들,2
롯데백화점,2
불길,2
사업장,2
0.3,2
핵심소재,2
사용료,2
레지스트,2
레저,2
사용자위원,2
0.4,2
10분,2
협력사,2
52시간제,2
협력사슬,2
"레스모아,",2
럭셔리,2
러시아가,2
러시아·중국,2
1000만원,2
불출석,2
릴레이,2
만료,2
만한,2
현대해상,2
동시,2
혐한방송,2
리뉴얼,2
소녀,2
사무처장,2
대학생,2
무릎,2
비덴트,2
소련,2
소매점,2
한·미·,2
185,2
학생연합,2
무방비,2
벨즈,2
소셜네트워크서비스(SNS),2
무소속,2
무역·서비스,2
벤츠,2
대출만기,2
학내,2
소영,2
무역갈등,2
동의,2
명동,2
198,2
사업군,2
리섭,2
행태,2
05%포인트,2
불매운동◆,2
사무차관,2
서대문구,2
결제액,2
볼턴,2
683,2
일파만파,2
차베스,2
차석용,2
걸프,2
검색창,2
일정,2
경기도의회,2
창고,2
이온그룹,2
일레븐,2
경제동우회,2
이해찬,2
이해,2
이틀째,2
이토요카도,2
이촌동,2
이철순,2
청사진,2
58,2
54.,2
이재명,2
경제정책,2
52주,2
이윤재,2
경축식,2
이용료,2
이용객,2
일평균,2
건보료,2
철수하나배출가스,2
거부하자'며,2
게임기,2
게티이미지뱅크],2
차종,2
겨울용,2
680,2
견학,2
일본어판,2
67,2
일본롯데,2
결의대회,2
결정적,2
64,2
1.4,2
참석자들,2
참여연대,2
일본구몬,2
경고사격,2
일부분,2
게시판,2
일식집,2
거부한,2
7.3,2
거래액,2
집단주의,2
7.,2
입건…일본,2
징역,2
5대,2
인도네시아,2
생태계,2
화장품업체,2
보복성,2
성명서,2
한국에서,2
세무조사,2
성장동력,2
확보,2
도로노몬,2
한국수입자동차협회(KAIDA),2
한국수입자동차협회,2
한국산,2
보관,2
한국미니스톱,2
세금,2
더블하트,2
1664,2
세력들,2
확장,2
한국투자증권,2
돌입,2
선수단,2
선생님,2
동월대비,2
생산업체,2
부가가치,2
봉오동,2
봉쇄,2
생존권,2
모의계좌,2
153,2
5층,2
도쿄에서,2
창피,2
경기침체,2
인텍스,2
인턴기,2
천사,2
인원,2
인용,2
인수전,2
인도법안,2
인수,2
인센티브,2
경영대학,2
경영안정,2
인사청문회,2
인사들,2
인사,2
페넬로페,2
존경,2
한·미·일,2
성수기,2
화이팅',2
모색,2
보통주,2
독도,2
1500억원,2
설훈,2
보안업체,2
만기,2
단위,2
막판,2
시민단체들,2
발자취,2
논설위원,2
미디어특위,2
논객,2
"다낭,",2
"""지소미아",2
다큐멘터리,2
1시,2
다케오,2
후지TV,2
시인,2
스펙트럼,2
반한감정,2
스포츠음료,2
방대,2
시암,2
미디어특별위원회,2
2.1,2
슬러시,2
슬러피,2
밤,2
민경욱,2
대웅제약,2
시선,2
풀타,2
폭락한,2
휴항한다,2
논의하기,2
발포주,2
수익률,2
'8·15,2
평화로운,2
2005년,2
프로필,2
민주평화당,2
단절,2
식당,2
순위권,2
"""아베",2
"""중국",2
노무현재,2
1분기,2
풍년,2
발길,2
다국적기업,2
1호,2
폴리이미드,2
발화점,2
회장직,2
1차관,2
시게하루,2
횡령·배,2
푸드드림,2
미진기,2
표출,2
후손들,2
뉴욕대,2
시너지,2
폐기처분,2
실적하향,2
순매수,2
"""ABC마트",2
히로시마시,2
대로,2
1990년,2
"""넷마블",2
대등,2
수십,2
내곡동,2
후성,2
방콕,2
플랭카드`,2
2020,2
수지,2
편집샵,2
수출액,2
피부양자,2
당기순이익,2
밀레니얼,2
미국식,2
흥사단,2
미국차,2
당사,2
수출기업들,2
평,2
2023년,2
내부,2
플루오린,2
내수관광,2
백록담,2
하나투어,2
박근혜,2
수립,2
바이오제네틱스,2
대결,2
대(對)한국,2
대(對)일본,2
수위,2
문화운동,2
신호,2
당초,2
냉정,2
당청,2
신한·KB국민·우리·하나·NH농협은행,2
밀집,2
당정,2
신중,2
편의점들,2
회원사,2
납세자,2
19세,2
배경,2
"""미·중",2
남부,2
실태,2
백악관,2
박성중,2
문화,2
대비해,2
백색,2
신고내용,2
2011년,2
비공개,2
디스플레이,2
드라마,2
상위권,2
합작,2
상응,2
상장,2
호찌민한인회,2
상징적,2
0.2,2
상처,2
부상,2
두자릿수,2
13,2
호황,2
할부상환,2
"혼다,",2
13.9,2
부산-가오슝,2
한창,2
1300억원,2
면세점들,2
동일본,2
상근부회장,2
부진한,2
항공법상,2
디지털,2
라이프스타,2
형식,2
합헌적,2
맥주시장,2
라이온,2
상대국,2
현대백화점,2
현대경제연구원,2
브랜드별,2
현시점,2
현실적,2
불황,2
빈도,2
10.,2
빈티지,2
빌미,2
헬스앤뷰티(H&B)스토어,2
10.3,2
마지노선,2
빵집,2
허약체,2
사고,2
마리아회고등학교,2
불허,2
마땅,2
마당,2
램,2
해시태그,2
한일청구권협정,2
상징,2
심각성,2
디자인,2
12.9,2
사진제공,2
라이센스,2
단체관광객,2
2000곳,2
숭실중,2
민정수석,2
노노재팬,2
1번,2
"슈마커,",2
노노재팬(일본,2
훼미리마트,2
스마트폰,2
스몰비,2
시중은행들,2
스카치,2
방문객,2
스타,2
노동자들,2
"후쿠오카,",2
2004년,2
플라자,2
미니,2
방송법,2
신뢰관계,2
네이버,2
'나만의냉장고',2
신념소비,2
수행,2
2014년,2
미군,2
방산주,2
단발성,2
휠라코리아,2
해소,2
숫자,2
매수,2
라디오방송,2
분열,2
매수세가,2
사회적,2
사회적책임,2
'호날두,2
삭제,2
1100개,2
'혐한,2
매체들,2
항일운동,2
분개심,2
호소,2
산업혁명,2
산케이신문,2
1187회,2
삶,2
항공여객,2
부착,2
삼익악기,2
밴드,2
만족,2
1980년대,2
민족주의,2
반일(反日),2
2000선,2
경기도지사,2
지자체들,2
이씨,2
여권,2
[디지털뉴스국]▶네이버,2
에너지,2
기대,2
투자자금,2
통상보복,2
2층,2
통상,2
엄마,2
얼굴,2
통관,2
급변,2
통계,2
톱10,2
언행,2
급락,2
여운형,2
여자,2
급등세,2
토요타,2
급격,2
극장판,2
기초해,2
컨테이너,2
예약분,2
36,2
콘서트,2
애국마케팅,2
통합,2
여객운송업체,2
예약판매,2
기본적,2
억제,2
금융위원회,2
금융위,2
기종,2
어치,2
금물,2
연구개발(R&D),2
기초자치단체,2
30분,2
기초자치단체장,2
태극물결챌린지,2
근본적,2
근무,2
근거한,2
양자,2
춤,2
32.,2
트렌드,2
토론회,2
언론중재위원회,2
트래픽,2
에이스팩토리,2
퇴출,2
기습적,2
기억해,2
기분,2
엡스타인,2
콘셉트,2
예약인원,2
급감,2
탄핵,2
탄산음료,2
탄산매출,2
양보,2
2등주,2
29.,2
기피,2
타케시,2
염태영,2
양고기,2
기한,2
균형,2
기행,2
키움증권,2
약진,2
약자,2
3229대,2
규제조치,2
타깃세계적,2
약세,2
영업익,2
타깃,2
영유권,2
야놀자,2
규정,2
야나이,2
야구,2
권태,2
열려전문가·시민,2
극보수,2
애국테마주,2
균,2
탑승,2
김명환,2
"특히,",2
예약량,2
액티비티,2
쿠폰,2
크로넨버그,2
코스피지수,2
군사력,2
오늘(12일),2
군사,2
37.,2
오류,2
오베,2
엑소,2
군기저귀,2
오작동,2
김병묵,2
팀K리그,2
국토교통위원장직,2
국토교통부,2
켤레,2
케이크,2
국제선,2
김광림,2
예고,2
권력관계,2
토로,2
트위터,2
공식환영식,2
올빼미,2
국내외,2
3위,2
악의적,2
김호영,2
판관비,2
국내산,2
3거래일간,2
25억3000만원,2
기소,2
요가학원,2
교민,2
패널들,2
충성,2
아베정권,2
교보생명,2
아빠,2
아사히맥주,2
국가기념일,2
취득,2
취미생활,2
2500원,2
취소일본의,2
교수회,2
운전자,2
원산지,2
패션업계,2
아무것,2
캡처,2
국산수제맥주,2
아나운서,2
악재에주력,2
체육시설,2
"않겠다""며",2
외교정책,2
3분기부터,2
카테고리,2
외국계,2
안중근,2
온채널,2
국적,2
외국어,2
아키바,2
국가별,2
외무성,2
외압,2
아침,2
2654억원,2
김치,2
국가안보실장,2
"커""윤동한",2
안경점,2
김태욱,2
와중,2
칵테일,2
파장,2
국가대표,2
파일,2
2674대,2
아마추어,2
쓰시마고속훼리,2
금지물품,2
운송실적,2
구매자들,2
우려감,2
판매액,2
치사율,2
우수,2
판매중개,2
교통기후환경연구소,2
우호적,2
아쉬움,2
취항할,2
판매중단,2
나치,2
교육감,2
구월문화로상인회,2
오비맥주,2
국정수행,2
3000억원,2
택배연대노조,2
기점,2
터무니,2
역효과,2
금지`경북도의회,2
테러,2
3000대,2
연합·제보자],2
역사쿠데타,2
"텐데,",2
우대금리,2
구몬,2
원인,2
친선경기,2
40만원,2
낚시꾼들,2
펀더멘털,2
교도소,2
교과서,2
원주시,2
싱가포르,2
충남,2
월,2
40분,2
취업박람회,2
2505명,2
운수권,2
친선,2
3주,2
25억,2
구청,2
요시아키,2
칭따오,2
침탈,2
2579억원,2
요인,2
판매수익금,2
3주차,2
파급력,2
아우터,2
4%포인트)한,2
에비스,2
팟캐스트,2
월드컵경기장,2
정부세종청사,2
정신적,2
BGF리테일,2
정상회의장,2
B737,2
A321,2
정상,2
갤럭시폴드,2
거래량,2
월례조회,2
4캔',2
4차례,2
4차,2
촬영,2
공동,2
공동대응,2
최고위원,2
공무원,2
공무출장,2
의견서,2
공문,2
공산,2
공산당,2
음악,2
음식,2
공식입장,2
최대주주,2
은평구,2
정의당,2
정의용,2
공급처,2
“과거,2
정량적,2
정당한,2
중소도시,2
정기예금,2
정경유착,2
중소상인,2
접근,2
日닛산,2
중의원,2
전환,2
전화,2
중지,2
중하순,2
전통시장,2
전통,2
전직원,2
전주대비,2
정례적,2
정면,2
중대한,2
“무지,2
제보,2
‘스트레이트’,2
주한,2
제공키,2
제20회,2
젖병,2
의심,2
자각,2
전조,2
위치,2
위조,2
44,2
출조,2
괌,2
괌·사이판,2
위닝,2
유럽권,2
추진◆,2
유산,2
4개,2
22명,2
공영방송,2
4명,2
육박,2
유형,2
최종,2
유튜브],2
추격전,2
과방위,2
추경,2
추경호,2
추락,2
유통BU,2
유족,2
추정치,2
865대,2
유의,2
관찰자망,2
45,2
공군,2
위협구,2
고가,2
이성적,2
이성,2
초강수,2
고객사,2
이래,2
고성장세,2
초저,2
고전,2
5.1,2
5.,2
촛불시위,2
촛불집회`,2
의장,2
의원실,2
총력,2
공감대,2
4시,2
윤호중,2
최저가,2
윤동주,2
유동자금,2
유니클로코리아,2
유니아,2
45대,2
유권자,2
출석,2
주춤,2
위령제,2
‘기억록’,2
9%포인트,2
전담,2
8초,2
8위,2
지난여름,2
전년동월,2
8건,2
감정만,2
지정학,2
재벌개혁,2
재벌,2
자충수,2
7개,2
진상,2
자유여행족,2
자유무역,2
개미,2
자연,2
진열공간,2
진열대,2
개장,2
개정,2
진열상품,2
개헌,2
진입,2
자랑,2
진정,2
자당,2
전라남,2
가치관,2
직항편,2
가입,2
감면,2
주점,2
86,2
8590원,2
지불,2
815원,2
저팬,2
8.4,2
지역별,2
저가항공사(LCC)들,2
저가,2
지원방안,2
재팬',2
재탄생,2
8%였다,2
재조명,2
지방정부연합,2
지방도시,2
자극,2
8거래,2
증권가,2
92.2,2
가상,2
전반적,2
전반,2
전문점,2
가속,2
자행,2
지원키,2
직접적,2
`천안아산줌마렐라`,2
제조일,2
주식시장,2
`폴더`,2
H&B스토어,2
제정,2
제이에스티나,2
FRL코리아,2
조교님,2
KBS1,2
조금씩,2
종목들,2
[김세형,2
조현준,2
조합원,2
조합,2
조직적,2
SBI인베스트먼트,2
조지아커피,2
`PES`반일감정·호날두,2
조세영,2
조상들,2
조사일본,2
주간,2
LG생활건강],2
지하철,2
주간집계,2
조롱,2
제주,2
주류업체들,2
제천국제음악영화제,2
잘못,2
재계약,2
강남구,2
주시하,2
재래시장,2
지주사인,2
장중,2
장자제,2
장사,2
작성자,2
장비,2
강남점,2
잠재성장률,2
잠실,2
장소,2
직장,2
?,2
7명,2
제품들,2
`아베규탄,2
주방용품,2
H&B업체들,2
가구,2
전자,2
가동,2
제품…협력사,2
제한`日전범기업,2
마케팅`,1
불과…DHC,1
매도한,1
불구속,1
불만,1
매경인터뷰美中,1
빚,1
불매·일본여행,1
불매하,1
불참하자,1
매경DB],1
불신감,1
불씨,1
불출석하,1
불필요한,1
빈틈,1
맞선,1
브랜드(도요타·렉서스·혼다·닛산·인피니티),1
롤케이크,1
망정,1
맘까페서,1
붙여일본군,1
뜸,1
레이더,1
산발적,1
마치겠다”며,1
리스트`,1
사람보고,1
사모펀드,1
블랙리스트,1
사무실,1
사무실들,1
사법,1
롯데아사히주류],1
롯데쇼핑까지,1
사안,1
롭스·랄라블라,1
사회복무요원,1
사용법,1
사우스차이나모닝포스트(SCMP),1
사장님,1
라카이코리아]라카이코리아,1
"사죄드린다""며",1
사케·日맥주,1
라면,1
라디오방송사,1
라,1
사회관계망서비스(SNS),1
브랜드판매량,1
동력,1
말고국익,1
동문회,1
서울시청,1
서울지국장,1
동래역,1
서프라이즈,1
동래구,1
동래경찰서,1
동남아시아국가연합,1
선거일(21일),1
선방했다,1
"돈코츠라멘,",1
뚝일본,1
서울대,1
"상황이었다""며",1
동참키,1
산업통상자원부,1
산업평균지수,1
산케이,1
산토,1
똔,1
마이니치,1
딸,1
딥클레징,1
서울시,1
동물,1
만화,1
"생각한다""며",1
비장,1
막대,1
마트노조,1
마크로밀엠브레인,1
비행기,1
맞보복,1
매력적,1
산업단지,1
뚜렷,1
동일,1
생계,1
색출,1
생수통,1
동영상(GIF),1
생활,1
생활·음식·가전·화장품·기타,1
생활가전,1
생활용품,1
서대문형무소역사관,1
서명,1
서문,1
동석,1
사과[사진출처,1
재팬`,1
뻥튀기되,1
감청,1
일방적,1
일본●,1
일본국민들,1
결제한,1
일본기업·브랜드,1
인천시,1
있다.6,1
자구책,1
자국민,1
재연장,1
재침략,1
경기지역,1
재판,1
감정대응,1
재팬'No(Boycott)Japan:,1
재팬(NO,1
재팬-No(Boycott),1
재학,1
저가항공,1
저울질,1
저조에청주·국산맥주·막걸리,1
감편까,1
일명,1
일대,1
빼기로서경덕,1
인식,1
일본불매,1
삿포로,1
결연,1
인구구조,1
경쟁적,1
경위,1
인기노선,1
인기일본산,1
인삼판매점,1
경영진,1
경영계획,1
일괄형(SPA),1
경신,1
인천,1
인천공항공사,1
인천국제공항,1
일본명,1
경산성,1
인파,1
박정,1
일”,1
일각,1
저항,1
적나라,1
감소율,1
잠정중단,1
자제운동,1
강화한단,1
강화키,1
강행,1
작용,1
작전,1
강제노역,1
작품들,1
잘못정치·외교적,1
강제,1
강영국,1
적반하장,1
강력한,1
강력성토,1
장세,1
강남3구,1
재러드,1
재무책임자(CFO),1
여당,1
조형물,1
기린이치방,1
에프알엘코리아(유니클로코리아),1
"같다""며",1
자유한국당·바른미래당,1
같진,1
자유,1
감소다낭,1
감소…국산·중국·유럽,1
적자일본,1
적폐청산,1
감소[사진출처,1
전경,1
전경[사진=,1
감,1
간판,1
전국노동조합총연합,1
감소한,1
재미,1
강구,1
재물,1
자금확보,1
객원,1
자료사진,1
자리하,1
개척,1
개설,1
개발·제조,1
딜링룸,1
별도,1
디자인상품들,1
복잡,1
모닝,1
보상문제,1
모양새,1
보은군수,1
모양,1
보행로,1
보호,1
모바일인덱스,1
복구,1
복안,1
복지,1
보복…철회돼야,1
본격화한,1
본인,1
본회의,1
모유,1
선택폭,1
선호도,1
독립군,1
내놔야,1
낮,1
낭비,1
보복적,1
목적지,1
실감,1
부적절,1
부진화장품株,1
매출비중,1
부합,1
매출·수익,1
분분,1
매진,1
매입,1
매수문,1
매물30%,1
불가,1
베이직하우스,1
목포시,1
모기업,1
볼캡,1
변동없어한,1
무궁화,1
별점,1
"무관""유니클",1
못먹던,1
보고서일본,1
목표주가,1
보드화,1
신한·KB국민·우리·KEB하나·NH농협은행,1
실무,1
상가,1
식품·유통·화학·호텔BU,1
노원구,1
노선(33.,1
노무라증권,1
시정조치,1
시중,1
시청자,1
시청자분,1
노골화,1
노골적,1
식사,1
식품관,1
내려`노,1
내놨다,1
식품들,1
신규등록,1
신규등록대수,1
신규매장,1
신념,1
네일동'(네이버,1
신뢰손상,1
네덜란드,1
임명식,1
노출됐다”고,1
신용평가사,1
실무(사무급),1
낚시제품,1
납품,1
납득,1
실질적,1
실천단,1
남녀,1
날씨,1
내놔한국,1
난처,1
난간,1
쌍방울,1
"쓰라리다""'였다",1
아사히·기린·삿포,1
쓴웃음,1
아기,1
아니`라,1
아니냔,1
아름다움,1
낙폭,1
아베규탄시민행동,1
아베에,1
나흘간,1
십장생,1
부족함,1
맹목적,1
머리,1
물건,1
방송국,1
방송사,1
뭇매본사,1
방편,1
방한한,1
물산장려,1
물류,1
배너(banner),1
발표[사진,1
물론자유무역원칙,1
문화행사,1
발효일,1
문화재,1
문화계,1
배치,1
배포,1
버클,1
버티다적자,1
문구업계,1
범일교차,1
문구·콘돔·완구·주방,1
무효화,1
방문자수,1
발품,1
메가뱅크(대형은행),1
상점,1
상관,1
상단,1
동일시,1
디아지오코리아],1
상반기(1~6월),1
등실적,1
들불처럼,1
들불,1
상위권日,1
둘째주(8∼14일),1
상충,1
발표홈페이지,1
되길,1
상품·서비스,1
상품기획자(MD),1
상하,1
동행,1
디아지오코리아(대표,1
독자,1
불가한,1
매매업자,1
발표문,1
법안일본의,1
"물러난다""며",1
무역항,1
명목[사진,1
민사상,1
민감,1
미즈호은행,1
미용,1
반역사적,1
불가피,1
베스트셀러,1
변곡적,1
명징,1
명백한,1
부동산규제,1
미래세대,1
부메랑,1
면허취소,1
멘트,1
부산-타이베,1
부산국제여객터미널,1
메모리,1
메리즈,1
부산지역본부,1
부산청년학생,1
모국,1
민생연구소,1
민영,1
반토막,1
반쪽짜리,1
미온적,1
박정부,1
반감,1
반경,1
반경제적,1
반나절,1
반나절만,1
박석운,1
반대시위대,1
반도체·디스플레이,1
바꿔놨다,1
밀접,1
민형사상,1
반사이익[사진,1
미미,1
반사이익◆,1
"민주노총,",1
반일(反日)감정,1
반일(反日)시위,1
민영방송,1
반일행동,1
있다.5,1
급락한,1
있다.2,1
연행,1
연내,1
연대,1
연대해,1
연면적,1
글로벌사업,1
연상케,1
근·현대사속,1
연제구,1
극우성향,1
연합훈련,1
연휴(18만7116),1
우려모나미,1
글자,1
극대화,1
그들,1
염원,1
규탄대회,1
규제품목,1
규제`,1
영역,1
"영역""…서양호",1
"규슈,",1
연기한,1
구두상,1
권오,1
의류브랜드,1
유형별,1
육성해,1
공인중개사,1
공식화,1
은색,1
은평평화공원,1
고전부산,1
은평평화공원까,1
의견도강원,1
의견수렴,1
공동행동,1
이태규,1
의병들,1
의사,1
의식,1
"의아해한다""며",1
의안들,1
의원(비례대표),1
곤욕,1
의정부고등학교학생연합,1
곤란,1
공세적,1
영향글로벌,1
예보,1
구축해서,1
예약자,1
역사·무역,1
역사적,1
역설적,1
역성장할,1
역전,1
역풍,1
연간,1
급감하,1
우려에PC용,1
예술적,1
완성도,1
급감[사진,1
완성품,1
국무총리,1
"왔다""며",1
왔다”고,1
왜곡·군국주,1
국가보훈처·독립기념관,1
국가보훈처,1
외국산,1
외압논란,1
왼쪽,1
급감7월서비스,1
급감유럽,1
권,1
급락했다,1
굴종,1
그전,1
예술,1
금융감독원,1
연결,1
기대에패션업체,1
여론조사국민,1
기고글,1
여름휴가,1
급속악화장기불황,1
냉장고·세탁기,1
급감일본車,1
여성비하,1
급락깨끗한나라·쌍방울,1
여의,1
여파민간설비투자,1
"급감했다""면서",1
급감할까,1
연관,1
급감하기,1
급감직원,1
여행절벽,1
유포,1
유튜브에서,1
공정거래위원회,1
교직원,1
유지,1
유통·패션업계,1
"관건""GS25",1
공통적,1
위약금,1
위메프투어,1
우수성,1
우울증,1
우파,1
교통,1
욱일기(전범기),1
공항별,1
운동장,1
운명은경영권,1
운영사인,1
교양프로그램,1
운영중단,1
운항한다,1
교수中,1
위시,1
울고코스피,1
울산시청,1
유정화,1
과거청산,1
유튜버들에,1
관련성,1
관해`라,1
위장,1
위주,1
위쪽,1
관영,1
위탁제조·거래,1
위해규제완,1
위험,1
위험수위,1
유감…언론,1
관계없는곳서,1
과자·음료·소스류,1
관계사,1
위원,1
유니클로까,1
관(官),1
유럽수입차,1
유림,1
유명한,1
과학기술정보방송통신위원회,1
과정,1
유사,1
교복업체,1
워크숍,1
교민사회,1
이전효과,1
의회,1
고개,1
이야기,1
이어질듯아베,1
이영훈,1
계산,1
이의,1
이자카,1
이장단,1
경제정의실천시민연합(경실련),1
이젠,1
원작,1
이지영,1
이춘식,1
이커머스,1
계획하,1
공중,1
의지,1
고통,1
유통채널,1
유통채널별,1
공정방송노조위원장,1
이번주,1
이번달,1
이미지,1
이무전,1
교류사업,1
광장,1
광복절·일본,1
월간,1
광복군,1
월요일,1
광범위,1
괌플라,1
울산,1
구독자,1
공직선거법,1
유통주식수,1
이경우),1
고소,1
이낙연,1
이내,1
고비,1
고등학생,1
고득관,1
"이마트24,",1
이모(23)씨,1
요구…제자들,1
국산맥주(7.,1
있다.1,1
조처,1
조사(10일),1
조사(17일),1
`노(보이콧),1
조사할,1
`네일동`,1
조잡,1
`NO’,1
조지아,1
`#잘가요DHC,1
[자료제공:NH투자증권]NH투자증권,1
조합원들,1
`뚝`금융권,1
조명,1
▶공감,1
`직격탄`독,1
제조·유통,1
■,1
“해당,1
정정,1
정조준,1
“일본,1
정책위원장,1
`뚝`,1
제천시,1
정체성,1
"`조용`…""일본,",1
전월대비,1
전월대비(5월31일~6월30일),1
전일,1
가도,1
가닥,1
전쟁터,1
가쓰히,1
각의(국무회의),1
▶부품,1
정서,1
`재팬,1
`리섭TV`,1
`일본`,1
`유씨씨,1
`웃긴대학`,1
조건,1
`스콘zip`,1
조기마감인기,1
조기지급,1
"`슈마커`,",1
`블랙리스트`,1
`몽슈슈`,1
“어제(18일),1
“방송,1
요동치,1
거세,1
게티이미지뱅크]강원,1
"일본항공(JAL),",1
것`,1
것.실제,1
일주,1
일주일,1
일주일여,1
일침뤼,1
일파만파일본,1
일본사람,1
거부하기,1
견고,1
임창연,1
입건,1
입건립스틱,1
입국,1
입시,1
"거론'닛코,",1
거래일대비,1
거래일,1
잇따라…1주새,1
잇따라반도체,1
일본정부,1
결과적,1
“국산”,1
‘뉴스9’,1
“관련,1
“,1
정치평론가,1
`톱10`,1
제2,1
제2차,1
제74주년,1
제공=BGF],1
‘애국마케팅’,1
제동,1
tkak****▶국가,1
결산,1
mari****▶맙소사,1
제외…정상화,1
`환구시보`,1
`화요`,1
`한국`,1
`한국,1
제2금융권,1
각지,1
간소화,1
전국민주노동조합총연맹(민주노총),1
전업계,1
전승,1
전세계적,1
오후(현지시간),1
오랫동안,1
오로라호,1
"군기저귀·메리즈,",1
국회의원회관,1
옮겨붙으,1
국토교통위원회,1
국채보상,1
오판,1
국제적,1
국제음악영화제,1
온라인상,1
오래못갈,1
온오프라인서,1
"온워드,",1
국세청장,1
올라◆,1
올라日여행,1
올려국내,1
국산제품,1
오츠카제약,1
이태호,1
경제보복`,1
오랜만,1
옌진,1
전범기업들,1
구성품,1
요미우리신문,1
요시유키(57),1
요시카즈,1
요시코는,1
요일(7월23,1
구조개혁,1
요주의,1
"요청했다""며",1
용당동,1
구월동,1
구분,1
예정기간,1
"우려""DHC테레비",1
요리,1
예약건수,1
옹호,1
옮겨붙고,1
군사협력,1
군사채널,1
예의주시서울,1
군사정보보호협정(GISOMIA·지소미아),1
예정금액,1
인구,1
韓관광객,1
韓日,1
전달(305만2000달러),1
정당,1
정상화울산시,1
韓배제`,1
가격제한폭(29.,1
전년比,1
전년도,1
전년비,1
각오,1
전달(168만1000달러)보다,1
전달(227만달러),1
전달부산시,1
韓,1
전달한,1
각광,1
각계각층,1
가중,1
전망HDC현산,1
전직,1
전무,1
전문작가,1
가보니…▶네이버,1
전범국,1
정상혁,1
정상적,1
정상규,1
◆서울,1
無[사진,1
月,1
日제품,1
日외식점,1
점거,1
점검,1
점유,1
日불매운동,1
日기업,1
日극우단체,1
전통소주,1
日경제산업상,1
정동,1
정례,1
克日,1
정리,1
●,1
정무위원회,1
정반대,1
◆일본산,1
정보통신망법,1
냉철,1
충북,1
냈지만7월,1
1만장,1
1만8000명,1
1년…반품,1
3.1절,1
1만여개,1
3.1,1
토니모리(10.,1
토대,1
토라노몬,1
3.,1
토론,1
토요일,1
1만1294명,1
1만9000원,1
태도,1
1년…내년,1
30초,1
325만명,1
"하네다,",1
타국,1
하나은행,1
하나만,1
타들어가,1
3000원,1
1만1000명(1.,1
"필요했다""며",1
19,1
3만1050원,1
학부모,1
캠페인`,1
1900선,1
캠페인독도사랑,1
하향美·中,1
캡처]구로다,1
캡처]태극기,1
18위,1
"하자""며",1
3거래,1
피부,1
커피,1
커피`,1
18분,1
클로징,1
하다라보·갸스비,1
하늘길,1
1대,1
피켓,1
피존,1
택배노조,1
"하겠다""며",1
타인,1
중…재물손괴,1
80.,1
7월22일(월),1
지지층·이념·성향·지역·연령·성별,1
7월1~31일까지,1
'욱일기(전범기),1
중…의류,1
8%포인트,1
화장품·의약품·건강기능식품,1
화장품기업,1
82,1
'삿포로프리미엄'은,1
80,1
지주사,1
8.7,1
화학제품,1
"'군기저귀,",1
지하,1
'서울,1
CBS노컷뉴스,1
8.35,1
지원대상,1
"CJ오쇼핑,",1
화장품업계,1
'에어리즘',1
7회,1
1990년대,1
310만달러,1
1·2,1
탐정,1
1·2·3층,1
32.5,1
탑승수속,1
1개,1
피해사례,1
탑승자수,1
32%↓,1
32,1
한국·바른미래,1
'아시아·태평양,1
창구,1
12%↓,1
페미니즘,1
'소니'다,1
"지정됐다""며",1
화이트리스트(수출우대국),1
중·러,1
줄이야…,1
"줄어…""매우",1
'스푸트니크,1
18만1233명,1
캔당,1
3만여,1
편견,1
20쪽분량,1
24만원,1
패널,1
편의·이익,1
2175개,1
247억원,1
22,1
245원(8.,1
207평,1
패스트리테일링그룹,1
2450원,1
28.4,1
패키지`,1
펜,1
228대,1
24.6,1
퍼센트,1
24%↓CU,1
2300,1
패전,1
포털,1
편의점업주,1
편의점·대형마트서,1
28개국,1
3명,1
트렁크,1
2배,1
프로젝트,1
1명(24.,1
프로,1
프레스센터,1
프러스펜3000,1
1부,1
품절·사재기가격,1
1억원,1
퇴치,1
투어,1
톱텐,1
품목별,1
1위…하노이,1
2분,1
투자은행,1
투자의견,1
2부,1
2번,1
투자회사,1
1위→10위…8월,1
2월(-0.,1
편집샵으로,1
"티몬,",1
티몬],1
1963년,1
38,1
하이볼(Highball),1
코리아나(14.,1
코스,1
코스메카코리아(7.,1
1945년,1
365싱싱마트,1
1957년,1
코카콜라사,1
35분,1
35만주,1
27분,1
"하얏트,",1
350원,1
하순,1
35,1
코스피·코스닥,1
하루만,1
켄,1
19.,1
17회,1
185회,1
1951년,1
3875원,1
코나미],1
3910원,1
275원(22.,1
27.,1
파괴,1
파란색,1
파생,1
포스터,1
편의점주,1
폐점한국,1
평점,1
2018년(1만9928명)보다,1
평균치,1
"판단했다""며",1
260,1
2019,1
26,1
폄하,1
판매순위,1
파이낸셜타임스(FT),1
2천579억원,1
프로파간다,1
토요타·렉서스·혼다,1
8.11,1
지연,1
신분증,1
주식,1
Meeting·옛,1
682,1
'한국,1
종족주의,1
집요,1
진정한,1
"""한국보다",1
7.21,1
"죄송""◆",1
PC·모바,1
현장조사,1
종합기술원,1
"""인천",1
주시,1
692,1
NH투자증권,1
현준호,1
"""유니클로",1
09,1
현주소,1
(하노이=연합뉴스),1
차등지원,1
휴가일본,1
집중적,1
참고자료,1
중국중앙TV,1
9회,1
중반,1
증편한,1
회원수,1
8시50분경,1
<사진제공=슈마커>,1
중단올리브영,1
환불,1
"중단""◆",1
'네일동'(네이버,1
증폭,1
현황日,1
회의신동빈,1
회원여러분'이라,1
'클렌징,1
홍콩에서,1
흥분,1
집회·행사,1
현혹,1
6억2324만달러,1
66,1
참가자들,1
0.1,1
착수,1
지브롤터,1
SSG닷컴,1
협동조합,1
참여율,1
62만명,1
KB국민·롯데·삼성·신한·우리·현대·비씨·하,1
KR스니커즈,1
"""(한국은)",1
"호찌민지회,",1
"""`잘가라",1
호찌민,1
71.,1
'포카리스웨트',1
#,1
집,1
05,1
현실화,1
GS25·이마트24,1
7.5,1
GS25서,1
1.1,1
현수막목포,1
히로시,1
"""소재·부품·장비산업",1
DHC테레비에서,1
주류업계,1
죄의식,1
H&B스토어들도,1
69,1
H&B스토어들,1
주부,1
차주,1
NO재팬,1
687,1
"""살테",1
"""뻥튀기되",1
'화요초대석',1
집계한,1
집계무인양품,1
주재신동빈,1
7250원,1
"""배너",1
72만1472명,1
"""휠라코리아",1
0.8,1
"차원""인천",1
호찌민서,1
주류업체,1
[기획·그래픽,1
1.2위,1
9시23분,1
증정행사,1
증정도일본,1
죽으란,1
직결,1
준비한,1
줄어[사진,1
DHC코리아는이날,1
화두,1
7시,1
7분,1
준공,1
홍콩국제공항,1
죽창가,1
직면,1
직간접적,1
확대선포,1
840만4115명,1
BS후지TV,1
활로,1
증가해,1
9명,1
'목포,1
'몽슈슈',1
증권시장,1
'마리아회고등학교',1
7월15,1
지형,1
8월1~18,1
주택,1
'유니클로',1
화면,1
홍보전문가,1
진술,1
"DHC코리아이고,",1
홋카이,1
DHC테레비],1
'제15회,1
홈쇼핑업체들,1
'제2,1
'조니워커',1
준비해야4차산업혁명,1
혼잡,1
혼란,1
효과적,1
'천안아산줌마렐라',1
73,1
780회,1
790만4000달러,1
'인크로스',1
홍콩TV(HKTV),1
지향,1
'도지마롤',1
91,1
'미닝아웃'(Meaning,1
'벨즈',1
'노(보이콧),1
9.,1
중소기업중앙회,1
8시)또,1
ABC마트·유니클로·무인양품·DHC,1
8년,1
회의실,1
중국과학원대],1
'봉오동,1
8개사,1
지방국세청장,1
환송법,1
지방자치단체들,1
확산으로일본,1
B737-800(189석),1
중국(26.,1
"확산에편의점,",1
'삿포로드래프트원'은,1
지배적,1
'산토리프리미엄',1
호혜,1
지난달(7월),1
횃불,1
9만5000원,1
"중심지""…회원들",1
95.7,1
"중소마트,",1
증언,1
'대변동(Upheaval)',1
908만3703명,1
증가율,1
증가슈마커,1
회동해,1
94,1
'명탐정,1
중학생,1
97,1
'모바일인덱스',1
977억3000만원,1
중화망,1
즐거움,1
회원님,1
967억원,1
'맘스홀릭베이비',1
9593억원,1
중앙은행,1
증가日관련,1
1점,1
2000,1
2개,1
스마트학생복,1
성장세,1
수(MAU·한,1
수개월간,1
수급,1
순차적,1
단순,1
숭실평화,1
단기적,1
슈마커]일본,1
"스마트폰,",1
스카치위스키,1
대한체육회,1
"닥칠것한국,",1
"다행스럽다""며",1
스토어들,1
다케시,1
스티커독도사랑,1
순방자수,1
스포츠센터,1
다이소산업,1
다우존스30,1
닛산],1
세정지원,1
대행진,1
닐슨코리안클릭,1
성인남녀,1
독려유통기한,1
독단적,1
도입,1
도와주진,1
도시철,1
성능,1
성립,1
도시별,1
도시들,1
도서관,1
대한노인회,1
"세븐일레븐,",1
도매업체,1
데이터,1
세계경제,1
세계대전,1
데상트·유니클로·ABC,1
덕분,1
세기적,1
세끼,1
세력,1
더불어민주당마저,1
시계방향,1
시기별,1
특혜,1
수출심사,1
수입식품,1
당연,1
수입품,1
수정,1
닷컴,1
수첩,1
수출관리,1
담장,1
수출길,1
담배·맥주,1
수출입무역통계,1
수입규제,1
달여,1
엔터테인먼트주,1
[디지털뉴?▶네이버,1
인하,1
박스오피스,1
444만3000달러,1
한미,1
한몫한,1
43개,1
출점하,1
수입맥주(7.,1
당정청협의회,1
뉴욕증권거래소(NYSE),1
수급차질,1
놀라움,1
시도,1
시민대회,1
"논란""표현오류…진심못전해",1
시민사회단체,1
시민사회단체들,1
습관적,1
단호,1
달라…일본,1
수출품,1
수년간,1
당협위원장,1
수도권,1
수명,1
대북,1
수분보충음료,1
대만,1
대량매매,1
수송동,1
대대적,1
대국,1
수요일,1
설비·소재,1
대한상공회의소,1
셋째주(15∼21일),1
애니메이션들,1
"없다""며",1
없다는게,1
엉덩이,1
에디션,1
에디터,1
에반게리온',1
기술력,1
에프알엘코리아,1
언론·홍보,1
아사히슈퍼드라이,1
애국주,1
기업인,1
아성HMP,1
아세,1
나서모나미,1
나리타,1
아오야마,1
아이들,1
"나가사키짬뽕,",1
아이지에이웍스],1
아이치트리엔날레,1
아침마당,1
업태,1
기자]‘뉴스9’,1
수(DAU·하루,1
양국기업,1
신세,1
"내리겠다""서울",1
식품업계,1
시사점,1
아사히그룹,1
"나타났다""며",1
김대중(DJ),1
길환영,1
기획물량,1
약진신세계백화점,1
양금덕·김정주,1
기자]▶네이버,1
양념,1
기폭,1
기초한,1
기초지방자치단체장들,1
어닝,1
어린아이,1
어머니,1
애용,1
기자들,1
언론중재위,1
끝부분,1
아파트값,1
악명,1
속도,1
소셜커머스,1
대통령들,1
소속사,1
대체품목,1
소싱,1
대체품,1
"셰러턴,",1
소유라멘,1
대처,1
소진해야[사진,1
속시원,1
애국테마,1
대책회의전략물자,1
손괴,1
손님,1
손님들,1
손짓,1
대조,1
쇠파이프,1
"대응해야""한국소비자생활협동조합연합회(한소연)",1
대응책,1
대체일본,1
소셜네트워크,1
대표상품,1
대표이사,1
소비시장,1
악연,1
"안돼""◆",1
"안된다""며",1
안드로이드,1
안하,1
"않는다""며",1
않습니다`,1
알람,1
알려드린다”며,1
김재철,1
김영민,1
압박,1
김성태,1
애국심,1
김현준,1
시사,1
시민적,1
시민연대,1
소니·파나소닉·캐논,1
소량,1
대학,1
출점할,1
한목소리,1
한달새,1
128개,1
첫번,1
현대경제硏,1
50원,1
504명,1
해석도,1
1200억원,1
1225원,1
4억9380만달러,1
최대판매,1
합의,1
"4만여개…""강도보다",1
허리띠,1
최적,1
할인마트,1
1200,1
4만7750원,1
13.1,1
할머니,1
추구,1
4~5박스씩,1
추석연휴주간(9월7~15,1
49억8000만원,1
5시,1
1000,1
해운,1
처리,1
51만440명,1
초·중·고등학교,1
51,1
청장,1
초등학생,1
1000원,1
첫주(1∼7일),1
62.,1
60명,1
60만8000명,1
현대예술,1
철거명동,1
1.5배,1
60대,1
60%↑롯데칠성,1
6.6,1
5개월,1
6.,1
천박함,1
1.9,1
천차만별,1
헥타리터,1
49세,1
49만1114헥타리터,1
498명,1
1차,1
찾으면서부품소재,1
"한국경영자총협회,",1
카페운영,1
1주,1
1주일,1
트윗에서는,1
2만6400원,1
특별전대구,1
표시광고법,1
2만4300원,1
특보,1
할아버지,1
트레이더,1
1초,1
특수,1
1호선,1
29,1
28명,1
포함하느냐,1
특징,1
2.5㎞,1
2.5조원,1
17.,1
항공노선,1
항공대란,1
4주차,1
항공·여행업계,1
4종,1
4주,1
503명,1
해명해,1
10주,1
501명,1
500명,1
촉구권태,1
5.6,1
항쟁,1
1100명,1
항시,1
총괄본부장,1
항만,1
항구,1
4캔`,1
항공통계,1
11개,1
11만8000명,1
"11일(10만1686명),",1
10시21분,1
체육단체,1
1449억원,1
"추진""왜",1
46,1
133만,1
출국장,1
한인여성회,1
"한인상공인연합회,",1
133만명,1
13억8670만원,1
한산한,1
출석요구,1
468대,1
150,1
456%증,1
치부,1
4%포인트)해,1
친(親)중국,1
한국보다,1
한국방송광고공사(코바코),1
"한국무역협회,",1
4%포인트,1
침공,1
"한국마트협회,",1
치료,1
출구,1
한일고속,1
체감하,1
충고,1
44㎡,1
1450.,1
43.3,1
한다,1
42만7898헥타리터,1
1480원,1
출처=인스타그램,1
14일(현지시간),1
한국화장품(16.,1
한국해양대,1
434만2000달러,1
한일고속해운,1
14회,1
45.1,1
456만3000달러,1
1330원,1
49.5,1
축구스타,1
48만7천501헥타리터(1,1
축복,1
48.,1
출간,1
3차,1
166만명,1
칭따오로,1
100ℓ),1
4000원,1
4.88,1
취항도시,1
4.7,1
한국은,1
취재기자,1
한일군사정보보호협정(GSOMIA·지소미아),1
한일분쟁,1
4950원(19.,1
1002회,1
585원(17.,1
3종류,1
청구액,1
58%강경,1
청바지,1
행선지,1
57,1
102억3000만원,1
59,1
530원(27.,1
10만여,1
청풍호반,1
15일(11만2305명),1
158,1
한국자동차산업협회,1
취재진,1
카드사용액,1
카메라,1
카운터[연합뉴스,1
16∼20,1
카카오톡,1
한국관광공사,1
3주차엔,1
한국콜마종합기술원,1
4.0,1
4.67,1
한국코카콜라,1
"한국진보연대,",1
한국지사,1
한국중소상인자영업자총연합회(한상총련),1
취급,1
400개,1
취소…CJ·GS,1
취소사태,1
한국중견기업연합회,1
한국어판,1
한국주류수입협회,1
"""#잘가요DHC",1
