트위터,날짜
"[노컷뉴스] ""유신정권의 유산으로 세운 기업"" 티몬 불매운동 확산 http://cbs.kr/Zy4k2K 일본 식민지시대, 유신독재시대 권력자 편에서 국민을 탄압하고 착취하며 공생하던 세력들은 한번도 국민의 심판을 받지않고 대대로 부를 이어온다.",2016-12-25
"사실 이번 폭설회항은 홋카이도에 제가 못 간게 아니라 안 간 겁니다. 제가 원래 일본을 별로 좋아하지 않아서, 롯데 불매운동하고 있고, 마눌님이 몇 번을 일본여행 가자는 걸 계속 안 갔었습니다.... http://fb.me/60WjgA4SN",2016-12-24
홈쇼핑 여행상품은 거의 70~80%는 일본여행상품! 일본내 의사들도 후쿠시마 핵발전소 폭발사고이후 일본 남부지방으로 피해야한다는 신문기고를 하는데.. 일본여행 장려하는 대기업들은 모두 친일본계 회사? 또한 이들회사 제품들 불매운동 펼쳐야! https://twitter.com/kammuse/status/811678945212928001 …,2016-12-22
맞다 불매운동하면 일본만 주구장장 돌릴 소속사지...,2016-12-21
"일본기업 롯데(99.28%일본지분)""불매운동"" 롯데이용은 ""반애국자 적 소비"" 롯데마트 은평점,8억 뒷돈으로 골목상권 무혈입성 논란 인근 소상공인도 몰랐던 ‘소상공인 발전기금’ http://m.sisaweek.com/news/articleView.html?idxno=83728 … #소상공인연합회 #도화선pic.twitter.com/M7zEPKmtta",2016-12-09
">롯데 세무조사 등 중국이 한국 기업들을 상대로 보복성 조치를 쏟아내고 있지만, 우리 정부는 아무런 대응책을 내놓지 못함. 중국과 일본 간 영토 분쟁이 중국내 일본 제품의 불매운동으로 번지자, 일본 정부가 강경하게 대응했던 것과는 대조적임.",2016-12-05
홈플러스 불매운동으로 일본기업 망겝시다? 스스로 대한민국 뒤짚기 반란폭도들과 하나라는 걸 대한민국 전국민들에게 입증시켰군요.촛불시위 반란폭도 빼고 5000만 가까운 대한민국 수호 국민들이 홈플러스를 버립니다. pic.twitter.com/ktVJtRkQbD,2016-12-05
홈플러스 불매운동으로 일본기업 망겝시다? 스스로 대한민국 뒤짚기 반란폭도들과 하나라는 걸 대한민국 전국민들에게 입증시켰군요.촛불시위 반란폭도 빼고 5000만 가까운 대한민국 수호 국민들이 홈플러스를 버립니다. pic.twitter.com/f3i3mx3xTj,2016-12-05
홈플러스 불매운동으로 일본기업 망겝시다? 스스로 대한민국 뒤짚기 반란폭도들과 하나라는 걸 대한민국 전국민들에게 입증시켰군요.촛불시위 반란폭도 빼고 5000만 가까운 대한민국 수호 국민들이 홈플러스를 버립니다. pic.twitter.com/f3i3mx3xTj,2016-12-05
로리타룩 불매운동이라니 어리둥절... 일본의 로리타 양복을 말하는 거라면 소아성애와는 192736광년 떨어진 옷일텐디... 오히려 남자들이 기피할 옷이면 몰라ㅋㅋㅋㅋ,2016-12-05
일본 기업 유니클로가 저가의류 브랜드1위인 나라가 동해를 '일본해'로 표기한 구글맵으로 매장찾기를 서비스한다는 이유로 스웨덴 브랜드 H&M 을 불매운동 한다라.. 구글맵은 http://google.co.kr/maps 를 제외한 모든 나라에서 일본해,2016-12-05
일본해 표기·촛불집회 비하..자라·H&amp;M 불매운동 확산 | 다음 뉴스 http://v.media.daum.net/v/20161205090002168 … 자라는 이미 망할거고 H&M 니들도 망하고 싶은가보다? 원한다면 뜻대로 해주지! 옷 전부 싸가지고 나가라 일본에나 갖다 팔아!!!,2016-12-05
지금 한국은 무섭게 로리유행이 퍼지고 있습니다. 로리유행은 여러가지 문제를 만들어 냅니다.(일본을 보세요)이 유행을 막을 수 있는 건 소비자들입니다. 불매운동 합께합시다! pic.twitter.com/JZhhlKzWty,2016-12-04
"자라보다 유니클로가 더 문제! 일본 극우단체 후원사실도 있었고, 기사 내용같은 기망도 있었고, 롯데가 모셔온 것이기도 하고... ㅡㅡ 유니클로·자라, '불매운동' 두렵지 않나 http://v.media.daum.net/v/20161203080708266 …",2016-12-04
"SNS서 번지는 자라·H&amp;M 불매 운동 | 다음 뉴스 http://v.media.daum.net/v/20161204173259434 … 우리 영토는 일본것으로 표기하면서, 이땅에서 돈은 벌겠다는건가? 불매운동에 동참",2016-12-04
자라코리아 불매운동 찬성합니다. 말과 행동에 따른 응답이 있어야합니다. 일본해를 표시가하고 시위나온 국민을 능멸하는 자라코리아 대표에게 응답합니다. 니네나라 일본으로 가라!,2016-12-04
"이나라 좀먹는 ""일본 홈프러스 전라도 제품"" 불매운동 시민연대 출벙!",2016-12-02
"'자라 코리아' 불매운동 확산...이완용 흡사발언에 일본해 표기까지..독도도 일본명 '리앙쿠르 암초' 표기...한국정서 나몰라라? [단독] ""학생은 공부"" 불매 번진 자라...한국 공식홈엔 '일본해' [단독] http://news1.kr/articles/?2846554 …",2016-12-02
조부숭 아일불이 머임. 아여러분콜드플레이 일본제국주의찬양한대요 불매운동합시다. 줄임말인가,2016-11-23
[경향포토]한일 군사정보보호협정 서명식 일방적 비공개에 항의하는 사진기자들 http://v.media.daum.net/v/20161123104814713 … 진짜 불매운동 할 타이밍 아닌가?? 대일 무역 적자가 얼마인데.. 독도는? 위안부할머니는? 방시능오염 물고기는? 일본은 쓰레기,2016-11-23
대한민국 좌좀들 천호식품 회장이 한마디 했다고 날뛰는거 보니 가관이네.. 불매운동은 물론이고 인터넷에 비방글까지... 소신발언일뿐인데.... 일본에 북한전문가가 한 말이 있지... 대한민국은 북한 동조세력에 의해 적화돼었다 월남패망과 똑같은 상황이라고,2016-11-21
천호식품 대표가 꿈꾸는 나라는 '내가 돈 많이 버는 나라'입니다. 최순실과 같은 거죠. 이런 자가 일제시대에 살았다면 그의 조국은 일본입니다. 친일했어야 돈 많이 버니까요. 불매운동은 계속되어야한다.,2016-11-19
천호식품 회장이 잘못한건데 불매운동은 너무하네요 아베 수상이 잘못한거지 일본 전체를 싫어하는건 너무하네요 ...둘 다 같은 뜻이죠.,2016-11-19
#삼성불매운동 삼성 물건 애용하는데 이유가?? 그 일본 지우개 불매운동하는건 알겠는데..,2016-11-14
일본 불매운동 빠워 갑은 유키지루시 사건이랑 안티 도시바 사이트였제,2016-11-14
일본 사람들 불매운동 등 자신들이 받는 불이익에 대해 저항할때 그 단결력이 어마어마하다. 3000만원으로 여행갔다고 울고불고 사죄하던 일본 정치가 생각하면ㅎㅎ 국민이 무서워야 하는데..,2016-11-14
"美대통령당선,트럼프공약으로살핀 현대기아차의전망!미국메이커와 미국에생산공장많이가지고있는 일본메이커들이가져갈가능성크다.현대차는30%수출,기아차는70%수출이기에 악재될것.국내에선 현기차 불매운동벌어진다면 빠이될듯! http://auto.daum.net/review/read.daum?articleid=233002&page=1&bbsid=27 …",2016-11-10
ㅋㅋㅋㅋ웃기는 기업광고네요 일본우익 지원하는 기업이라 불매운동중인걸 알고 야쿠르트 아줌마 선행을 내세워 광고를?,2016-11-09
http://m.breaknews.com/a.html?uid=454722&section=sc3#cb … 일본 다이소는 독도를 다케시마로 바꾸는 운동을 후원함. 이 기사를 보면 우리나라 다이소도 결국 구매하지 말아야 함. ㅅㅂ 아니라매 개뻥까침. 불매운동해야함,2016-11-09
"일본이 어떤덴줄 아나 ㅋㅋ 한국 가습기 사태랑 확연하게 비교하는 사례가 잇는데, 저나라에서 불매운동 일어나면 진짜 기업이 위기를 느낄 정도라 자진해서 사과글 올리고 자숙함. 근데 한국은? ->니들이 불매해봣자 ㅋㅋㅋㅋㅋ 이 마인드지",2016-11-02
<--- '정권이 이어지는 한'? 대한민국이 가짜 무당없이는 정치를 해봤던 적도 없는 대통령 밑에서 유지되기 바라나? 항일시위 및 일본제품 불매운동 벌어지기전에 조용하시길~.,2016-10-30
진짜 이번 910만은 좀 많이 미쳤고 전 일본 한국 나이츠 오시들+a가 불매운동+메일로 불만 표현해도 그다지 이상할 게 없을 것 같다,2016-10-26
일본은 그래서 한번 불매운동 하지않았나? 좀 심하긴 함..,2016-10-26
일본 원숭이 새.끼들이 쳐돌았나... 일본제품 불매운동 하자.. 아베새.끼덕에 일본 쪽바리들이 개념상실한 듯하네.. http://naver.me/FvYEZegp,2016-10-07
일본이 관련되면 애국심에 불타오르는 지사들이 너무나 많아서…… 얼마전에 ㄹㄹ웹에서 우익게임이라면서 막 불매운동 하는 것도 그렇고…… 빨간색 방사형 무늬만 보면 반사적으로 욱일기를 외치고……,2016-10-06
일본 0%의 금리 가지고 와서 3~~4% 사채 놀이하는 롯데 국민은 정신 차려야 합니다 롯데는 일본의 기업이란 걸 국민이 알아야 합니다 왜 롯데마트 롯데슈퍼.롯데렌트카.롯데캐피탈.제과.롯데리아.세븐일레븐 등등 불매운동으로 우리의 자존심을 지킵시다,2016-10-04
BBC는KQ에서제대로된피드백을올려주기전까지 #KQ_feedback_plz DVD불매운동을할것이며우리가원하는피드백은한국공식인스타는활용을안하는지왜성과도이루지못한일본활동을계속하는지태일팬미팅은왜태국과일본팬만모집했는등등이외많습니다KQ는제대로된피드백을올려주세요,2016-09-24
아니 롯데 일본 어쩌고 저쩌고 하드만 아이엠 롯시에서 개봉해줘야 되는거 아니냐!!!!! 나 지금 혼자 씨지비 불매운동하고 있는데.. 엉엉 ㅠㅠㅠㅠㅠㅠㅠㅠㅠㅠ 딱한번만 씨지비 허락되겠니???,2016-09-20
"일본기술 흉내내고,중국부품들로 만든 저급품을""슈퍼카""라며 전세계에 팔고있죠,그런데 그게 무슨 그들을 응호하는 이유라도 되나요?전세계적으로 가격인하 또는 불매운동해야함.유럽이 일본입장이었다면 기술흉내에 대해 난리를 쳤을것임",2016-09-20
"불매운동 합시다. [ #분노]트친여러분! 더러운 보수언론<동아일보> 신문은, 한국 최초로 서울 일본대사관 앞 ""위안부 소녀상""을 일본에 요구데로 이전 하잡니다. 쓰레기친일파 신문을 불매운동 합시다. #무한RT…pic.twitter.com/7kTNXwRSI0",2016-09-16
근데 하이큐가 여혐성향이 있다해서 우리가 할수있는게 머지... 작가님한테가서 이런거 고쳐주세요 하기도 뭐하고 그렇다고 일본인들 여혐 멈춰주세요 한다고 알아들을 것도 아니잖아 불매운동도 애초에 일본이 주류인데 불매운동한다고 신경쓰려나싶다,2016-09-10
"일본 사회가 변해서 여성들의 차별에 대한 인식이 퍼진다면이야 여성향애니에 ㅡ런 배려가 반영되겠지만, 아니라면 좆도 없다. 여러분은 애니메이터들의 주 소비자가 아니다. 상품기획단계에서 고려조차 되지않는다. 불매운동은 무슨 불법자료로 시청하면서 ㅇㅅaㅇ",2016-09-10
국내에서 재미는 둘째치고 밸런스 패치 할 때마다 엿 같고 공지랑 이벤트로 수시로 유저들 엿 먹이고 과금유도 쩔고 확률 사기치고 그래서 핵과금러들이 불매운동하고 장난 아니었거든요... 와.. 일본에선 좀 열심히하나보네여....,2016-09-02
@dmswjd8897 너 일본 사랑하자나미국 대기업이 만든 스냅챗 필터도 못까고 아직도 전범기 군대에서 쓰는 일본 제국 컨텐츠 불매운동할 마음은 조또 없고 되려 흥하라고 돈더 써주는 오타쿠 주제에 왜 미국인 까면서 애국자인척 하눈데ㅜㅜ외??,2016-08-27
http://band.us/#!/band/52714182/post/430538016 …일본국기 그려진 노스페이스 지구자켓 불매운동!,2016-08-26
"테슬라, 동해는 일본땅?.. 독도는 아예 지도에서 누락 http://v.media.daum.net/v/20160822121855922 …,영업허가 내주지 말고 불매운동 캠페인에 아예 테슬라 대항마를 국책사업으로 공표하고 아예 한국땅에 발을 붙이지 못하게 하기바란다",2016-08-22
"테슬라, 동해는 일본땅?.. 독도는 아예 지도에서 누락 | 다음 뉴스 http://v.media.daum.net/v/20160822121855922?f=m … 그럼 바로 불매운동 들어가야지~",2016-08-22
"이런 미친 기업이 있나?, 글쎄!, 불매운동 해야...[단독] 일본 여행상품 홍보에 ‘야스쿠니 신사’ 사진 사용한 티몬 http://www.vop.co.kr/A00001059640.html …",2016-08-18
"우리 나라에서 친일기업 불매운동이 이처럼 대규모로 일어났던적도 없었는데, 일본 좋아요도 아니고 도쿄라는 글씨에 점범기 문양인걸 2분만에 파악하고 지우고도 한번도 써 본적없는 형식이 있다는 사과문을 쓴 파니는 하차를 해야만 했다.",2016-08-18
"625,그전날에 625전범기인 인공기,중공기,소련기 사용한 애들도 저런식으로 그 전범기 칼로 짤라라고 협박해봐라~ㅋㅋ 미국이 일본에 욱일기 사용을 허락한것도 협박해봐라~ 이것들아 625전범국, 일본우익기업 불매운동이나 제대로해라~",2016-08-18
"625전범기 인공기,중공기,소련기 쓰는 애들도 무뇌아 무개념 애들이라고 해라~ 뭐가 친일국정교과서라고 헛소리짖껄이노?증거있냐? 티파니가 국정교과서배웟냐? 일본우익상품 불매운동이나 제대로해!ㅋ http://cafe.naver.com/jimsg/1006",2016-08-16
"당장 판매중단 요구에 불매운동에... 만약 한국이나 일본, 중국같은 동양권 국가에서 발매된거라면 극단주의자들은 욱일기 테러하면서... 크~ 시나리오 완벽전개~",2016-08-16
일본이나 프랑스 혹은 한국에 대한 불매운동에 비해 중국인들의 미국제품에 대한 불매운동은 없다는 트윗을 했다가 지웠다. 검색을 해보니 아이폰을 부수고 햄버거를 불매하는 운동이 있었다. 역시 없다는 주장은 있다는 주장보다는 성립하기 어려운 주장이다.,2016-08-14
"중국사법당국,남중국해 영해침범에 사법권행사 공포.미제와 필리핀제품 불매운동과 일본 연예인배척운동도!평화굴기 대국이라면 국제법준수해야.관련국들간 불매운동확산되면 자유무역 막혀길 제발등 찍는패착될것http://m.news.naver.com/hotissue/read.nhn?sid1=104&cid=1046206&iid=1610004&oid=001&aid=0008581787 …",2016-08-02
그 전에도 불합리한 이벤트 때문에 일본쪽에서 불매운동 있었는디... 안산블루스타즈도 꽤 자와자와 했다,2016-07-31
"이젠 될대로 되라는 식입니다. 당신들 만화 안 본다. 한국 웹툰 안 본다. 미국 코믹스와 일본 만화라는 훌륭한 대체제가 넘쳐나는 이 시장에서, 당신들 만화에 걸러진다고 우린 피해 보는 게 없다. 따라서 당신들 불매운동 하겠다.",2016-07-24
"일본문화를 좋아하시는 것 같은데, 일본에서 국가의 규제가 얼마나 있다고 보시나요? 다 민간 규제입니다. 너무 심하다고 보면, 형사고발이 들어가죠. 개돼지 취급하는 작가들은 불매운동해서 퇴출시키면 되는 겁니다.",2016-07-24
"한국산불매운동? 과거일본상품불매운동한더더니 더잘사드라. 자국짝퉁중국제품이라면 저히들이더치를떨며 한국제품,일본제품,외제품만찾는냄새나는저 지나인(챠이니즈)들.한국제품않사고견디나보자. https://twitter.com/songyss/status/756035320051662848 …",2016-07-22
"송영선 '11억 중국 거지떼' 발언으로 중국 SNS가 한국산 불매운동 외쳤다는데, 사드 위협 향한 중국 반발을 내정간섭으로 표현하는 것도 부적절하지만 설령 내정간섭일지라도 송영선 태도의 문제점은 중국엔 적대시, 일본의 간섭과 日 자위대에 긍정한다는점",2016-07-21
중국인들이 몇년전 동지나해 사태엔 일본 기업 부시더니 이번 남지나해 재판 일로 미국기업 불매운동. 그후 일본의 중국투자가 반토막 났다는데 미국은? 이제 한국도 불매운동 당하겠군요. 사드때문에. 그럼 누가 손해일까요? 신냉전시대라면 중국 손해죠.,2016-07-21
일본 푸드파이터가 바나나 먹은 영상에 중국사람들이 몰려가 한 짓거리 기사를 보니.... 참 이것들은 지랄도 병이지 싶다-_-; KFC매장 가서도 불매운동 했다는데; 그 기업이 비윤리적인 행위를 한 것도 아니고 그냥 미국기업이라; ㅉㅉ,2016-07-20
남중국해 판결후 中국수주의 확산..KFC 불매운동·'일본판 쯔위'(종합) | 다음 뉴스 http://v.media.daum.net/v/20160718164537135?f=m …,2016-07-19
남중국해 판결후 中국수주의 확산..KFC 불매운동·'일본판 쯔위'(종합) | 다음 뉴스 http://v.media.daum.net/v/20160718164537135?f=m …,2016-07-19
아이고오 'ㅁ` 넥슨 문어발식에 대항할 수가 없다 이건마치 일본 미츠비시 불매운동같은 느낌,2016-07-19
남중국해 판결후 中국수주의 확산..KFC 불매운동·'일본판 쯔위'(종합) | 다음 뉴스 http://v.media.daum.net/v/20160718164537135?f=m …,2016-07-19
남중국해 판결후 中국수주의 확산..KFC 불매운동·'일본판 쯔위'(종합) | 다음 뉴스 http://v.media.daum.net/v/20160718164537135?f=m …,2016-07-19
남중국해 판결후 中국수주의 확산..KFC 불매운동·'일본판 쯔위'(종합) | 다음 뉴스 http://v.media.daum.net/v/20160718164537135?f=m …,2016-07-19
남중국해 판결후 中국수주의 확산..KFC 불매운동·'일본판 쯔위'(종합) | 다음 뉴스 http://v.media.daum.net/v/20160718164537135?f=m …,2016-07-19
남중국해 판결후 中국수주의 확산…KFC 불매운동·`일본판 쯔위`[종합] http://news.zum.com/sns/article?id=0032016071831910118&cm=twitter&tm=1468884749933 …,2016-07-18
"남중국해 판결후 中국수주의 확산…KFC 불매운동·`일본판 쯔위`[종합] http://news.zum.com/sns/article?id=0032016071831910118&cm=twitter&tm=1468866360204 … 나이키 신발에 KFC까지 미국산 불매시위…필리핀산 망고도 거부 中 네티즌, 톈안먼 사태에 3년전 간접 비판했던 日배우에 뭇매를 맞고 있다",2016-07-18
물론 일본은 과거 일제의 전쟁범죄 행위를 인정하고 진심으로 사과해야합니다. 그러기위해선 무조건적인 반일을 외칠게아니라 일본우익상품(+닌텐도의 포켓몬고) 불매운동 실천을 해야죠!,2016-07-18
남중국해 판결후 中국수주의 확산..KFC 불매운동·'일본판 쯔위'(종합) | 다음 뉴스 http://v.media.daum.net/v/20160718164537135?f=m …,2016-07-18
힐튼 불매운동하자. 일본가서 자위나 하세요.,2016-07-18
남중국해 판결후 中국수주의 확산..KFC 불매운동·'일본판 쯔위'(종합) | 다음 뉴스 http://v.media.daum.net/v/20160718164537135?f=m …,2016-07-18
남중국해 판결후 中국수주의 확산..KFC 불매운동·'일본판 쯔위'(종합) | 다음 뉴스 http://v.media.daum.net/v/20160718164537135?f=m …,2016-07-18
남중국해 판결후 中국수주의 확산..KFC 불매운동·'일본판 쯔위'http://v.media.daum.net/v/20160718164537135?f=m … 해당 기업들이 불량품을 팔았거나 법을 어긴것도 아닌데.. 애플 제품도 이렇게 깔수있나 묻고싶다. 세상을 중국인만 사는거 아니다 적당히 해라.,2016-07-18
포켓몬고는 닌텐도라는 일본우익기업 게임입니다!.. 일본우익기업 불매운동 합시다!,2016-07-18
남중국해 판결후 中국수주의 확산…KFC 불매운동·`일본판 쯔위`[종합] http://news.zum.com/articles/31910118?comment=all&cm=twitter&tm=1468842032687 …,2016-07-18
포켓몬고는 닌텐도라는 일본우익기업 게임입니다!.. 일본우익기업 불매운동 합시다! 친일매국방송MBC OUT!,2016-07-18
포켓몬고는 닌텐도라는 일본우익기업 게임입니다!.. 일본우익기업 불매운동 합시다!,2016-07-18
포켓몬고는 닌텐도라는 일본우익기업 게임입니다!.. 일본우익기업 불매운동 합시다!,2016-07-18
"일본극우,일제잔재놈들이 과거 일제놈들이 명성황우를 시해한것처럼 박근혜를 시해하려고 하다니! 일본우익상품 불매운동합시다!",2016-07-18
남중국해 판결후 中국수주의 확산..KFC 불매운동·'일본판 쯔위'(종합) | 다음 뉴스 http://v.media.daum.net/v/20160718164537135?f=m …,2016-07-18
그동안중국이많이컸지혼날때도되었다//남중국해 판결후 中국수주의 확산…KFC 불매운동·`일본판 쯔위`[종합] http://news.zum.com/sns/article?id=0032016071831910118&cm=twitter&tm=1468836540125 …,2016-07-18
적반하장도유분수지누가남의땅을먹고있는가?//남중국해 판결후 中국수주의 확산…KFC 불매운동·`일본판 쯔위`[종합] http://news.zum.com/sns/article?id=0032016071831910118&cm=twitter&tm=1468836503889 …,2016-07-18
남중국해 판결후 中국수주의 확산…KFC 불매운동·`일본판 쯔위`[종합] http://news.zum.com/sns/article?id=0032016071831910118&cm=twitter&tm=1468835640881 …,2016-07-18
남중국해 판결후 中국수주의 확산…KFC 불매운동·`일본판 쯔위`[종합] http://news.zum.com/sns/article?id=0032016071831910118&cm=twitter&tm=1468835439322 …,2016-07-18
남중국해 판결후 中국수주의 확산..KFC 불매운동·＇일본판 쯔위＇(종합) http://v.media.daum.net/v/20160718164537135 …,2016-07-18
남중국해 판결후 中국수주의 확산..KFC 불매운동·'일본판 쯔위'(종합) | 다음 뉴스 http://v.media.daum.net/v/20160718164537135?f=m …,2016-07-18
#윙뉴스 남중국해 판결후 中국수주의 확산..KFC 불매운동·＇일본판 쯔위＇(종합) > 윙뉴스 2591 http://1go.co.kr/bbs/board.php?bo_table=wingnews&wr_id=10477 … @1gokr 님이 공유,2016-07-18
남중국해 판결후 中국수주의 확산..KFC 불매운동·'일본판 쯔위'(종합) | 다음 뉴스 http://v.media.daum.net/v/20160718164537135?f=m …pic.twitter.com/YEPksulOPG,2016-07-18
남중국해 판결후 中국수주의 확산…KFC 불매운동·'일본판 쯔위'(종합) : 네이버 뉴스 (출처 : 연합뉴스 | 네이버 뉴스) http://naver.me/F01lImbZ,2016-07-18
남중국해 판결후 中국수주의 확산..KFC 불매운동·'일본판 쯔위'(종합) | 다음 뉴스 http://v.media.daum.net/v/20160718164537135?f=m …,2016-07-18
남중국해 판결후 中국수주의 확산..KFC 불매운동·'일본판 쯔위'(종합) | 다음 뉴스 http://v.media.daum.net/v/20160718164537135?f=m …,2016-07-18
남중국해 판결후 中국수주의 확산..KFC 불매운동·＇일본판 쯔위＇(종합) http://v.media.daum.net/v/20160718164537135 … 중국의 이러한 행위를 보고도 사드로 인한 보복조치가 없을 거라던 김장수 주중대한민국 대사는 생각이 있는 놈이여 아님 골빈 인간이여!!!,2016-07-18
남중국해 판결후 中국수주의 확산..KFC 불매운동·'일본판 쯔위'(종합) | 다음 뉴스 http://v.media.daum.net/v/20160718164537135?f=m …,2016-07-18
남중국해 판결후 中국수주의 확산..KFC 불매운동·'일본판 쯔위'(종합) | 다음 뉴스 http://v.media.daum.net/v/20160718164537135?f=m …,2016-07-18
남중국해 판결후 中국수주의 확산..KFC 불매운동·'일본판 쯔위'(종합) | 다음 뉴스 http://v.media.daum.net/v/20160718164537135?f=m …,2016-07-18
남중국해 판결후 中국수주의 확산..KFC 불매운동·'일본판 쯔위'(종합) http://v.media.daum.net/v/20160718164537135 … 사드배치되면 한국개털되는건 불보듯하네,2016-07-18
"SK Her: “한국 소비자가 봉이냐”…금소연, 비자카드 수수료 인상 철회 주장 - “비자카드, 일본ㆍ중국 제외하고 한국만 10% 인상”연간 수수료 1000억 이상…“인상 강행시 불매운동 불사”［헤럴... http://ow.ly/J9rk502vL3W",2016-07-18
두 손을 모으고 배꼽인사하는 게 한국식 인사인 거 오늘 처음 알았다. 일본에서 그것 때문에 '일부 우익'들이 맥도널드 불매운동을 펼쳤다는 거 보고.; 생각해보면 일본 가게에서도 예전부터 그런 인사 해 왔는데 말이지; 북오프에서도 우리점장도 그랬는 데;,2016-07-15
"남중국해(남사군도, 서사군도 등)에 대한 중국의 영유권을 지지하는 나라는 현대 러시아, 파키스탄, 인도를 포함한 66개국이며 이에 반하는 행동을 하는 한국, 일본, 미국, 필리핀에 대한 경제적 제재및 불매운동을 해야 한다고 SNS에 글들이 올라오네요",2016-07-15
장이씽이 자기나라편 든거라고? 그럼 우익 왜 불매운동해? 왜 우익연예인들 싫어해? 걔네도 걔네나라 편든건데? 독도는 일본땅이라는 일본인도 다 안고가고 중국인도 다 안고가 병신댕청한년들아,2016-07-12
이번 이벤 일본에선 불매운동 중이었구나.. 보니까 이번에 회사 타격 클거같던데 포보컷 원래대로 돌렸으면ㅠㅠ,2016-07-11
앙스타 일본쪽에선 불매운동하느라 랭킹 안달린다며...,2016-07-10
"국산간장 중 그나마 일본간장 수준에 근접한건 몽고생간장 정도였는데, 이건 불매운동그룹에 포함되었고 샘표니, 청정원이니.. 이건 질이 한참 떨어지는데 가격이 일본간장 두 배..-_-;;",2016-06-28
애플 미쳤나. 여러분 애플이 독도 일본섬으로 표기했답니다 ㅋㅋ 사지마요 절대. 불매운동해야해요. 갤럭시나 엘지나 팬텍 씁시다 #애플 #apple #아이폰 #아이패드pic.twitter.com/dCua35PBmp,2016-06-25
아이폰 불매운동이라도 해야 애플이 정신 차리나? 아이폰으로 찍으면 독도는 일본땅? ‘애플의 배신’ http://news.khan.co.kr/kh_news/khan_art_view.html?artid=201606242219025&code=940100&nv=stand …,2016-06-25
[단독] ＂독도가 일본섬?＂…한국 주장 외면하는 애플 (출처 : 연합뉴스TV | 네이버 뉴스) http://me2.do/FkMKkHSv 이런 걸로는 불매운동 안해??,2016-06-24
"애플, 독도를 '일본섬'으로 표기…한국 주장 외면 - 작성자 연합뉴스 http://app.yonhapnews.co.kr/YNA/Basic/SNS/r.aspx?c=AKR20160624074800017 … 애플 불매운동을 벌입시다.",2016-06-24
Retweeted cenjust ( @cenjust): 애플은 독도가 일본섬이라고 주구장창 표기하는데 고쳐달래도 거절하고있다. 그런데 애플 불매운동은 거론조차 안된다. 독도를 넘기느니 아이폰은 사야겠다?... http://fb.me/1jY17xB0z,2016-06-24
독도를 일본땅이라고 표기하는 애플제품 불매운동 해야하는것 아닌가요....,2016-06-24
"애플, 독도를 '일본섬'으로 표기…한국 주장 외면=매국노의 후예 7푼이가 위안부 문제등에 비루한 꼴 보인 이래 일본에 이어 이젠 미국넘들도 이젠 공공연히 한국 무시.. 애플 불매운동 벌이고 탈미국운동 벌여야 http://ln.is/www.pressian.com/new/7fIv9 …",2016-06-24
"애플, 3년전 약속 어기고 독도 일본땅으로 표기…네티즌 불매운동 움직임 http://m.it.chosun.com/m/m_article.html?no=2820918 …",2016-06-24
애플은 독도가 일본섬이라고 주구장창 표기하는데 고쳐달래도 거절하고있다. 그런데 애플 불매운동은 거론조차 안된다. 독도를 넘기느니 아이폰은 사야겠다? 이러니 글로벌 호구 취급 받는거지.. pic.twitter.com/0WrBJOuNDX,2016-06-24
[단독] ＂독도가 일본섬?＂..한국 주장 외면하는 애플 http://v.media.daum.net/v/20160624072930673 … 애플 제품을 불매운동을 합시다 이런 회사의 제품을 사용하는 우리나라 사람들이 문제다 절대로 애풀제품을 사용해서는 안된다,2016-06-24
"[단독] ""독도가 일본섬?""..한국 주장 외면하는 애플 | 다음 뉴스 http://v.media.daum.net/v/20160624072930673?f=m … 이쯤되면 애플에 대한 조직적인 불매운동이 필요하지 않나?",2016-06-23
애플 양키넘드라!! 돈받고 쪽바리랑 독도 먹어보려고하냐///??? 왜 대한민국 독도에서 사진을 찍었는디- 일본 놈둘 지명이 뜨냐////??? 바꾼척만 했다며? 완존 바꿔라!!!- 양키물건 불매운동 벌인다!!!,2016-06-23
"일제? 반미종북간첩놈이 허위사실유포질이네? 지금 자유민주주의 일본이 과거 전체주의 일제와 같냐? 욱일기단 일본해군은 미국,대만,호주,필리핀도갔었다.. 일본극우놈들 설치지않게하려면 일본욕만하지말고 일본우익기업 불매운동부터 제대로해라..",2016-06-23
"@rhiejw 일본우익만화캐릭터 빠는거보니 일본우익상품 불매운동도 안하면서 일본우익비난하나? 욱일기단 일본해군이 미국,호주,대만,필리핀에 ... RT @newsis #14087381 #뉴시스 http://lr.cx/Pae4B",2016-06-22
"美출장중 신동빈 ""심려끼쳐 죄송.. 호텔롯데 年內상장"" | 다음 뉴스 http://v.media.daum.net/v/20160616030819019?f=m … 롯데의 수익금을 국내에서 소화할까 일본기업이니 일본으로 전액 들어갈까? 전 국민의 롯데그룹 제품 불매운동을 벌여야 한다. 일본기업 퇴출~",2016-06-15
한국의 여혐은 항의하거나 불매운동해서 적극적으로 대응하는데 트위터에서 제일 많이 덕질하는 일본 서브컬쳐도 여혐이 심하다고 하는데 왜 대응을 안하는거지?,2016-06-13
"대기업의 갑질 횡포에 소비자들이 분노하여, 일부에서 불매운동을 벌이고 있다. 불매의 대상인 기업은 롯데. 한국과 일본 양국에, 사업의 분야를 나누어서 운영하는 체제. 국내에는 소비재 산업이 주를 이룬다. 반대하는 입장은 아니지만, 제대로 될까?",2016-06-12
그냥 일본기업입니다 수십년간 한국에서 벌어들인 이익금은 전부 일본으로 넘어갑니다 불매운동이라도 벌려야겠지요? https://twitter.com/antimbcafe/status/741993803981066245 …,2016-06-12
보도에 의하면 한국 롯데에서 국내에서 번 돈을 일본으로 유출시키는 의혹이 있어서 이를 수사를 통해 밝히려고 신동빈회장 아파트등을 압수수색 하였다는데 롯데의 국부유출이 사실로 밝혀지면 엄중처벌함과 아울러 롯데에 대한 전국민적 불매운동을 벌려야 되겠슴.,2016-06-11
롯데 불매운동에 앞장서 주세요 롯데 계열사들이 수백억대 빼돌려 일본으로 국부유출... 10대 재벌 중 하나 정도는 시민들이 나서 해체하는 힘을 발휘해야 경제민주화 실현과 재벌개혁을 이룰 수가 있습니다 pic.twitter.com/JWugft1NTS,2016-06-10
일본기업이라고 불매운동 벌일듯,2016-06-05
ㅁㅈ..이어지는걸 우리가 이해할 수 잇게 잘만 해줫어도 같이 예뻐해줫겟지..근데 뚝 끝내버린다하니 썩 좋게 보이진 않음...일본ㅁ쪽에선 불매운동도 햇엇다는데0ㅅ0...난 운동까진 안하구 걍 접을래(앱 삭제,2016-06-04
맘충년들이노답인게 하라는불매운동 Sk-2(독도일본땅발언) 롯데마트(옥시등판매..) 남양유업(갑질) 옥시(살인가습기) 등 불매운동하라할땐 안하면서 애꿏은 영세업체에게만 OOO.. http://naver.me/GFEIs54f,2016-06-01
이런자들은 독제정권에나 있을 만한일이지요 이런자들은 평생감방이 약이지요 그리 않에도 롯데라면 한국기업도 않이고 일본기업 인데 이제는 롯데 불매운동을 해야 마당 합니다,2016-05-31
일본 펜 나홀로 불매운동하는데 일본펜 너무좋아서 짜증남ㅜㅜㅜ 근데 미쯔비시 그 강제동원해간거생각하면 빡치고ㅜㅜ후,2016-05-27
폭스바겐이 한국인을 뭘로 보기에 미국과 일본에는 보상을 하면서 한국에는 나몰라라 한다??? 완전 우끼는 인간 말종들이네? 시민단체에서는 뭐하는가? 저런것들은 불매운동을 벌여서 한국에서 한대도 못팔아 먹게 해야지???,2016-05-20
옥시는 한국사람들은? 냄비근성?강대국에는 꼼짝못하는 민족?시간지나면 잊어버리는 민족으로 생각 한다?미국과 일본에서 이런일이 있었다면 지금처럼 했을 까 한국국민은 정이롭고 강하다는것을보여주어야된다 옥시는한국에서 철수하도록 불매운동은 계속???,2016-05-16
"@yoyoily 2003년부터 문제점이 발견됫음에도 2016년까지 불매운동하지않은 한국민들 참 미개함..(일본우익,북괴제품도그렇고..) 이러니 이떄까지 옥시,일본,북괴가 한국 우습게본거지.. 나는 애초부터 옥시제품,일본우익제품,북괴제품, 구매한적없음!",2016-05-11
@Pastecat 일본에서는 불매운동 성공해서 한 기업을 제대로 망하게 한 사례가 있었는데... 목표가 생겨도 그때만 불타올랐다가 식어버리는 냄비근성으로는 아무것도 해결되지 않는다는 걸 자기들이 모르는 것도 아니고... 정말 심각한 문제라 생각됩니다,2016-05-10
한국인들 문제중하나 과거 일본인 친구가 하는말 한국인들은 이해가 안돼 일본을 원망하며 일본제품을 선호하는지를 부정한 기업들에게 정부가 방관하면 국민이 불매운동 하면 기업들이 부정한짖을 할수없다 비판만이 있으니 https://twitter.com/histopian/status/729652986348085248 …,2016-05-10
한국에서 불매운동이 성공한 사례가 없다. 일본 유키지루시 유업은 집단 식중독 사태가 발생하자 책임자들이 모르쇠로 일관하다가 불매운동이 거세게 일어 결국 파산했다. 옥시 불매 운동 반응으로 매출이 50% 넘게 감소했다 살인기업 옥시 퇴출은 시간문제다,2016-05-05
지금 먹는 참외는 일본에서 개량된거란다. 혹자는 참외 불매운동을 할 것인가.,2016-05-04
"#옥시 #불매운동 옥시제품 지금도 사서 쓰는 인간들이 신기할 따름.유연제 제품 7% 급감이라니 이게 말이 되는일인거야.냄비근성 있는 인간들이 문제.갑질 회장님 때문에 난리치고,ㅇㅇ유업 갑질 한다고 난리치고,룟데 일본 기업 이라고 난리. 반성을 합시다.",2016-05-03
일본의 소비자들은 일본의 대표식품회사도 소비자 불매운동으로 퇴출 시켰는데 힌국에서 기업의 잘못으로 불매운동을 벌였던 남양이나 롯데는 오히려 매출이 늘었단다. 나도 한국인이지만 국민성 참 엿같은 민족이다.,2016-05-02
"""불매운동 번지는데""..마트 3사는 오히려 '옥시 판촉행사' | 다음 뉴스 http://v.media.daum.net/v/20160501065003826?f=m … - 이마트는 신세계,,홈플러스는 삼성과 영국의 테스코 합작기업,,롯데는 일본기업! 저들은 외국계라서 영국의 옥시의 편을 들겠군~!",2016-04-30
"@wodud2525 불매운동도 나름 괜찮은 방법인듯... 정무적 판단(?)으론 적극 동의 할수 없으나,일본가기 싫은것과 비슷ㅋㅋㅋ",2016-04-17
"""한국식 인사 모욕적"" 일본 맥도날드 광고에 불매운동까지 |http://v.media.daum.net/v/20160411234100198 …두손모으고 인사하는게 한국식이라고 불매운동?이게 한국식인줄은 나도 이번에 알았다. 맥도날드가 마꾸또나루도? 발음부터 똑바로해라. 진짜 어이가 없네",2016-04-12
"""한국식 인사 모욕적"" 일본 맥도날드 광고에 불매운동까지 http://ln.is/www.ytn.co.kr/_ln/nhXiD …",2016-04-12
일본기업이라는 롯데! 불매운동해야할것 같아요. https://twitter.com/sunshine5321/status/719510061060481024 …,2016-04-11
"총선 투표일에 사내 축구대회 여는 롯데 ‘세븐일레븐’, 투표는 어떻게 하라고?=일본기업으로 한국 망치는데만 혈안인 롯데 불매운동으로 국민의 분노와 힘 보여주지 못하면 우린 여전히 친일매국노들이 희롱하는 식민지에http://news.khan.co.kr/kh_news/khan_art_view.html?artid=201604111505001&code=940100 …",2016-04-11
"@imma_lilith '일본의 광고'라고 돼 있지만 이미지의 한자를 보면 중국어입니다. 구글 이미지 검색을 돌려보면 대만 광고회사가 2007년 만든 광고이며, 불매운동까지는 아니라도 여혐 광고라고 많은 비난을 받은 사실도 알 수 있죠.",2016-03-23
https://m.facebook.com/story.php?story_fbid=497703670400425&id=364723410365119 … 서경덕교수의 위안부합의 반박광고 일본제품 사지도 쓰지도 맙시다. 친일기업 불매운동 참여하세요.,2016-03-21
"<롯데가 일본으로 돌아가지 않는다는건 한국이 아직 일본 식민지라는걸 인증하는것…야당 국개들 조차 아닥한다면 틀림없는것 아닌가!> '재산세 80원' 낸 나쁜 롯데, 시민들 불매운동(~계속 하고 있죠?) http://impeter.tistory.com/m/post/2890",2016-03-12
<우린 과거를 잊은 일본(미국)식민이네…09년 불매운동도 힘이 부족했단거고 이번에도 어쩔까 징징~성누리는 아몰랑!> ■ 나이키 '욱일기 신발' 매장서 매진 행렬 …09년에도 '욱일기'라는 이름의12번째 에어조던 출시 …이걸 어떻게 봐야할까(?),2016-03-07
영화보고나니까 일본 존나 더 싫어짐 하던 불매운동 더 열심히해야지,2016-03-01
롯데百 '개성공단 바자회'..백화점 '재고 떨이'? http://v.media.daum.net/v/20160224193535165 … 일본기업 불매운동벌려야,2016-02-24
우리나라도 일본처럼ㅈ기업죽이기가 가능해야하는데 불매운동을 소수만하고 그거마저하는사람들한테도 예민하다하니,2016-02-23
"▷국내/해외판매제품 생산국가 다르게해온 나이키, 한국공식홈페이지에 ‘일본해’표기 구글맵사용, 불매운동여론까지 형성돼있는 나이키, 한국/일본소비자 차별하는 나이키!! http://www.sisafocus.co.kr/news/articleView.html?idxno=139466 …pic.twitter.com/NPnXX1XpNk",2016-02-18
700만 소상공인도 롯데 제품 ‘불매운동’ 돌입http://www.gobalnews.com/news/articleView.html?idxno=15642 … 피할수 있는건 피해서 자발적 불매운동이 필요합니다 일본기업이면서 돈은 한국에서 벌고 교묘히 법망을 피해 세금도 거의 안내고 일본으로 빼돌리죠,2016-02-17
불매운동 > '독도'를 '다케시마'로 바꾸기 운동에 참여하는 일본 기업들 목록 ㅡ #기업 에 관한 이슈 모아보기 http://lenz.co.kr/taste/9690/timeline … 앱- http://bit.ly/1OZXBld,2016-02-09
일본야동 불매운동이 일어났닼ㅋㅋㅋㅋ 다 볼거면서..... 야동면에선 매국노자나...,2016-01-30
@whynotdw 저렇게 공표하는 순간부터 저 가게에 가서 소비하는 행위가 저 의견에 동조하게 되는 거랑 같은 효과가 나는거라는거 모름? ㅋㅋㅋㅋ 독도가 일본땅이라고 주장하는 연구에 금전 지원하는 유니클로 같은 우익기업들 불매운동 하는 거랑 마찬가지,2016-01-26
@halo1440 우리 조카는 이제 고1에 올라갑니다... 이 어린 아이도 일본제품 불매운동을 스스로 하고 있는데... 너무 그 마음이 강해 가끔 그 지점을 지적해 주기도 하지만... 제가 더 민망할 때가 많습니다... 부끄러워서...,2016-01-25
배꼽 기준으로 위는 애국자고 아래는 매국노들 시발ㅋㅋㅋㅋㅋ 그냥 일본컨텐츠 불매운동해 이쌔끼들아ㅋㅋㅋㅋ,2016-01-19
@entiont_shift 기체가 일본 국내에서만 사용할수 있도록 허가된 거라서 법적으론 심의랑 상관없이 국내 가동은 불법입니다 괜히 찔렀다가 불매운동이라도 터지면 손해니까 알고도 눈감아준거임,2016-01-18
‘일본 우익단체 지원’ 막장 기업 리스트 한국서 벌어서 다케시마 후원? 니콘·닌텐도·헬로키티·마일드세븐 등 후원 의혹 반일 감정 SNS 통해 확산…일부선 불매운동 조짐도 ‘전범기’ 티셔츠 논란 유니클로 http://m.ilyosisa.co.kr/news/articleView.html?idxno=27522 …,2016-01-17
그러고보니 '일본 우익기업 불매운동' 같은 걸로 리스트 돌아다니던 상당수가 오폭이었다는 걸 생각하면 저 문장도 상징적이다.,2016-01-17
독도를 일본 땅이라고 우기는 기업들 이것들은 반드시 망해야 할 쓰레기들입니다 불매운동에 동참하십시다 http://fb.me/4EyQZt1ki,2016-01-16
"@shfly3424 이미지에 인 진부 면 오대천 일대 9만 9천국의 다양하고 이색적인 음식면서 그룹 큰 타격을 입었다. 신동빈 회장은 대국민사과를 하며 수습에 나섰지만, 국민들 사이에선 롯데 불매운동이 일기도 했다. 장남인 신동주 전 일본 롯데홀딩스",2016-01-16
@judybyun @bscho8888 @leojinpark2299 농심 지랄을 해라.일본으로 가라.진짜 나쁜 놈들이네.불매운동 해야 하는거 아닙니까?,2016-01-09
"일본기업 롯데불매운동 끝을 봅시다! 法 ""롯데 빼빼로 상자, 日디자인 베낀 것..제품 폐기해야"" http://media.daum.net/v/20150823101606603?f=m … #도화선 소상공인연합회",2016-01-05
